的	10359470
一	4346343
是	3240478
不	3217018
了	3211043
在	2565479
我	2302420
人	2289348
他	2260948
这	2256430
有	2176533
个	1485568
大	1442576
上	1392471
中	1344335
来	1313926
地	1282763
和	1215893
说	1214559
为	1195466
们	1176988
到	1172915
你	1150732
就	1135253
也	1093918
以	1049205
国	1031394
那	993806
要	991671
时	989051
出	986068
着	967929
可	952249
道	911043
之	907523
对	892639
会	857846
自	849269
而	824737
得	796166
下	795219
能	781343
过	748981
生	747328
子	689849
于	688951
年	688481
后	682764
发	674666
都	651479
里	650836
没	648348
还	647762
所	645076
去	644970
看	641753
事	620787
如	613530
用	607554
小	594760
作	592885
多	589103
行	586170
只	576694
好	575316
成	575315
家	573151
天	568775
她	568271
方	561645
然	551922
当	551255
心	546749
起	542671
种	536414
想	525219
经	520373
现	515145
但	512313
法	509712
无	506335
同	504814
么	498100
进	496259
学	495306
面	486460
其	486240
前	484515
已	474152
主	473459
从	472039
动	468252
分	467535
把	464490
开	462277
军	458790
又	451967
两	451455
本	448742
因	447221
定	445631
部	442129
与	438890
将	424864
日	424541
长	420864
理	420611
三	419978
些	419321
实	416568
样	413528
十	411320
意	408407
知	406473
此	398839
第	396839
力	393757
很	391231
正	390360
高	386688
手	384501
什	384020
身	382810
被	382478
它	380681
明	377649
老	377144
者	374684
公	373879
见	372922
机	371835
向	371554
问	369839
最	369686
使	365020
全	363964
点	361897
情	358490
外	352329
民	351658
并	350184
战	346981
关	345898
工	345418
回	343880
等	341914
相	339143
二	338300
重	334705
由	331104
头	329661
声	325456
性	324989
应	323112
间	315107
话	313334
文	310548
给	305654
美	304782
业	300091
物	295512
真	293327
体	291123
或	290281
政	290080
几	289446
内	288066
利	286441
打	284602
走	284217
新	283608
位	282144
西	280027
再	275895
产	274190
加	273328
月	272598
却	267970
先	266487
制	266010
特	265991
果	264211
东	264111
神	263288
儿	263280
才	263134
门	262849
太	260993
合	259340
信	258479
表	258410
原	257529
女	257478
更	255713
己	255192
名	255056
立	252826
比	250599
代	249263
四	249044
斯	248281
任	247828
次	246626
世	244602
便	243219
听	243193
提	242654
做	242305
海	241433
水	240065
教	239733
眼	239148
化	237557
通	237406
感	236965
王	236377
各	235380
口	235245
气	233189
别	232182
少	230382
处	229982
平	228467
常	228172
解	228122
何	228010
接	227523
目	227134
反	226725
变	226721
笑	226373
总	226288
入	225933
认	224674
条	224672
安	224317
金	221252
及	220421
度	219778
让	219778
山	216616
马	214937
受	212369
活	211544
结	211420
数	210983
直	210660
必	209875
白	208207
指	207044
张	206981
报	204557
论	203886
员	203877
义	203251
放	202795
电	202454
至	200722
五	200272
系	197617
难	197375
命	196903
建	196517
尔	196412
件	195491
死	195019
保	193839
完	193650
许	192571
题	192180
场	192172
空	190600
计	187463
怎	187039
光	186962
管	186728
非	185852
德	184202
强	182703
量	182659
决	182185
形	181938
像	179793
期	179147
资	179062
队	178968
清	178568
务	178334
嗯	177618
统	177617
书	176786
市	176693
司	175965
师	175349
住	174914
即	174732
克	174518
带	174398
飞	174376
南	173976
区	172883
李	171517
则	171333
觉	169198
交	168754
社	168640
今	167181
基	166751
北	166550
展	166457
传	165533
连	164968
叫	164919
治	164364
路	164181
万	163457
告	163378
科	162943
呢	162884
思	162161
达	160624
记	160304
转	158526
望	157887
边	157617
快	157410
风	157370
色	156975
该	156331
界	155600
象	155082
权	155024
拉	154403
设	154395
且	153702
取	153278
干	152581
收	151435
步	151199
领	151160
林	150936
根	150653
往	150362
亲	150200
极	150162
求	150129
未	149329
每	149155
程	147264
式	147073
兵	146217
据	145945
类	145797
言	145549
规	145053
吧	144838
品	144373
确	144024
观	143666
城	143620
虽	142916
失	142754
格	142741
远	142311
办	141904
元	141813
运	140981
令	140980
共	140865
似	140530
准	140114
请	139641
武	139488
士	138835
改	138819
英	138132
术	137596
车	137446
石	137428
深	137413
联	136093
争	135717
吗	135700
院	135404
轻	134820
火	134676
罗	134230
百	133494
夫	133197
离	133058
花	132739
近	132395
切	131773
识	131505
造	131475
组	131373
流	131111
算	130291
布	129291
导	128877
早	128722
找	128596
候	128550
满	128486
服	127960
官	127954
整	127770
爱	127050
字	126988
持	126772
跟	126760
突	126726
影	125837
消	125167
随	125020
吃	125019
商	124788
证	123864
单	123586
议	123237
越	123116
存	123061
击	122799
精	122091
济	121778
始	121732
台	121708
黑	121677
调	121390
需	120986
支	120659
杀	120603
团	120419
功	120241
具	120113
华	119911
脸	119568
府	118416
集	116601
周	116284
青	115953
红	115938
双	115907
九	115812
八	115202
片	114950
半	114598
容	112409
曾	112373
啊	112351
阿	112350
落	112161
显	111670
除	111252
尽	111156
党	111127
照	111114
众	110936
备	110540
复	110453
陈	110165
断	110132
价	110037
约	109535
写	109315
包	108667
级	108538
另	108481
病	108327
质	108249
称	108120
倒	107998
六	107990
江	107590
绝	106985
敌	106835
黄	106583
技	106477
朝	105530
派	105126
线	105011
站	104993
究	104817
装	104658
亚	104455
首	104044
刚	103841
示	103610
视	103473
况	103342
增	103151
谈	102552
惊	102398
古	102370
史	102352
谁	101627
引	101548
须	101515
七	101221
息	101068
研	100955
际	100828
器	100656
易	100473
留	100195
推	100002
坐	99963
房	99920
广	99552
注	99439
查	99016
语	98874
念	98103
若	97941
奇	97826
紧	97814
企	97330
希	97313
委	97147
响	97060
号	97043
参	96889
势	96612
历	96542
剑	96432
攻	96337
冷	96227
投	95780
哪	95761
农	95666
专	95632
图	94992
考	94781
选	94254
终	94208
微	94176
皇	94049
土	93942
局	93523
星	93424
足	93382
刘	93158
甚	93107
严	92675
医	92635
男	92606
营	92499
乎	92497
仅	92355
父	92221
拿	92129
孩	92028
答	92016
费	91589
标	91558
依	91374
兴	90964
低	90862
千	90796
仍	90299
急	90238
护	90185
竟	90021
某	89940
较	89632
防	89369
列	88726
讲	88641
破	88559
客	88185
施	88158
故	87851
血	87793
节	87357
云	87345
龙	87039
钱	86708
苏	86281
母	86170
伤	86163
举	86058
族	85843
按	85401
维	85202
修	85074
帝	84873
河	84667
威	84537
巴	84397
划	84375
致	84198
案	84018
革	83970
底	83846
送	83626
冲	83525
音	83487
态	83183
够	83088
段	83080
构	82979
群	82769
船	82541
责	82432
苦	82133
章	82063
律	81740
愿	81240
围	81089
京	80917
衣	80859
喜	80785
独	80499
效	80388
斗	80254
细	80111
怕	79942
志	79674
米	79644
晚	79451
热	79323
项	79222
料	79148
例	79120
灵	79117
密	78763
害	78674
供	78582
属	77856
验	77643
境	77408
毛	77389
般	77356
居	77267
继	77202
错	77111
沉	76998
采	76887
既	76594
察	76461
否	76128
批	76118
脑	76100
夜	75537
股	75504
速	75498
纪	75424
续	75407
假	75262
帮	75215
乐	75073
陆	74920
型	74762
退	74696
友	74312
铁	74279
汉	74131
暗	74046
状	73992
左	73933
句	73861
雷	73670
网	73449
率	73107
值	73076
普	73050
承	72989
停	72896
试	72771
弹	72741
止	72553
职	72462
药	72282
久	72089
印	72033
卫	71988
助	71845
掌	71760
织	71576
阳	71226
待	71071
初	70592
追	70386
木	70322
哈	70269
您	70259
预	69947
刻	69944
创	69692
诉	69483
简	69310
射	69306
限	69275
球	69130
差	68715
树	68439
校	68290
兰	68004
怪	67801
阵	67520
异	67451
宗	67362
波	67322
育	67199
激	67157
担	67081
顿	66795
游	66765
充	66743
银	66597
适	66379
省	65934
胡	65862
食	65740
警	65632
素	65545
尼	65417
排	65332
负	65275
背	65230
忽	65088
酒	64977
穿	64717
福	64562
弟	64315
怀	64258
欢	64250
环	64186
招	63901
模	63894
胜	63832
痛	63759
习	63522
险	63468
财	63443
益	63374
宝	62980
脚	62935
疑	62832
乱	62822
赶	62776
坚	62474
获	62319
劳	62215
挥	62192
敢	61940
置	61888
右	61816
压	61725
香	61583
层	61523
略	61442
静	61330
村	61204
范	61115
源	61085
副	60996
州	60941
纳	60637
岁	60610
罪	60595
余	60335
闻	60261
占	60171
玉	60067
哥	59662
杨	59402
忙	59302
兄	59297
守	59258
跑	59148
述	58993
座	58784
田	58711
摇	58546
超	58444
演	58388
皮	58344
喝	58303
买	58151
佛	58069
室	57960
角	57942
卡	57775
封	57772
策	57762
块	57658
富	57322
判	57301
配	57171
姑	57064
优	57029
征	56916
善	56908
刀	56776
娘	56624
降	56581
恶	56392
宣	56261
慢	56178
积	56170
草	56090
恐	56067
妈	56054
读	55722
靠	55681
阶	55484
楚	55322
姐	55172
爸	55005
执	55004
呼	54952
协	54817
洲	54809
巨	54551
免	54521
检	54469
养	54459
顾	54374
救	54274
份	54220
控	54107
抗	53903
著	53824
赵	53684
肯	53548
露	53517
换	53488
登	53461
伊	53345
犯	53297
尚	53262
莫	53203
危	52872
审	52736
掉	52238
亦	51882
沙	51865
散	51858
欧	51851
唐	51824
枪	51770
宫	51721
魔	51704
耳	51551
屋	51420
永	51330
孙	51307
临	51174
圣	51159
叶	51143
毫	51050
宋	51030
谢	50957
讨	50826
温	50778
嘴	50709
航	50469
毒	50410
呀	50292
野	50211
逃	50196
托	50045
伯	49850
索	49755
岛	49578
贵	49405
顺	49276
楼	49147
遇	49125
良	49117
朋	49047
坏	48854
亮	48729
户	48708
景	48684
烈	48653
闪	48584
礼	48524
艺	48390
互	48366
丝	48316
秘	48303
渐	48302
架	48214
鱼	48130
升	48103
抓	48000
监	47960
君	47929
短	47715
梦	47680
隐	47662
困	47611
税	47593
洋	47544
鬼	47461
炮	47429
舰	47344
付	47286
诸	47234
货	47099
松	47073
归	47063
败	46915
幸	46885
概	46884
寻	46598
评	46581
吸	46423
恩	46394
介	46331
朱	46312
探	46166
县	46093
脱	45973
移	45919
缺	45821
画	45797
误	45746
翻	45561
旁	45559
跳	45527
藏	45466
春	45171
睡	45123
吉	45119
端	45077
味	45070
杂	45044
释	45021
雪	45003
遗	44984
款	44949
刺	44944
附	44923
爷	44850
核	44829
央	44790
减	44686
阴	44654
编	44595
版	44590
智	44508
齐	44501
雨	44435
徐	44378
鲁	44126
仙	44122
湖	44108
钟	44107
蒙	44031
丽	43872
班	43869
咱	43732
康	43654
损	43405
震	43315
借	43115
固	43043
诗	43036
镇	42875
吴	42682
域	42504
均	42463
秦	42386
妇	42346
鲜	42319
序	42307
烟	42173
洞	42154
猛	42096
测	42054
练	41939
旧	41912
堂	41727
笔	41698
饭	41622
顶	41492
灭	41404
庄	41330
括	41248
怒	41200
补	41152
逐	41101
毕	41043
席	41033
禁	40871
剧	40863
乡	40821
湾	40735
卖	40528
牛	40525
避	40103
欲	39937
弄	39837
忍	39831
旅	39808
暴	39803
虚	39676
额	39576
忘	39570
含	39570
抱	39520
油	39380
肉	39358
输	39339
洛	39049
祖	38947
迎	38934
缓	38934
虎	38896
票	38820
销	38784
婚	38782
乃	38647
板	38621
冰	38547
伸	38331
录	38331
遍	38250
虑	38244
宁	38213
臣	38055
玩	38036
熟	37973
谷	37829
予	37799
谋	37764
炸	37754
叔	37744
奥	37727
狂	37615
亡	37610
港	37593
庭	37574
博	37557
材	37419
俄	37366
韩	37345
混	37318
词	37266
盘	37207
尊	37188
寒	37186
遭	37159
训	37154
拍	37109
麻	37012
荣	36959
卷	36925
夏	36857
谓	36855
凡	36767
私	36733
厂	36641
丁	36622
骨	36610
牙	36473
休	36426
迫	36239
授	36189
替	36131
拥	36082
摆	36061
默	36019
勒	35975
泽	35943
骑	35943
疗	35866
睛	35855
店	35788
载	35782
诺	35779
健	35712
扬	35670
纸	35597
透	35591
床	35479
唯	35258
岸	35223
迅	35170
尤	35133
稳	35002
园	34888
徒	34863
伦	34825
坦	34797
择	34702
蓝	34668
握	34632
抵	34630
姓	34596
郑	34562
弱	34559
软	34545
绿	34504
叹	34453
轮	34359
束	34161
盖	34111
丈	33978
篇	33945
午	33944
窗	33939
歌	33873
雄	33869
森	33696
醒	33576
伙	33546
残	33422
戏	33342
妻	33303
折	33240
甲	33228
啦	33114
套	33112
塔	33103
馆	32863
秋	32840
梅	32685
迷	32626
典	32595
灯	32520
厉	32428
秀	32425
扩	32419
曲	32328
努	32189
潜	32177
街	32154
硬	32087
宇	32063
哭	31977
阻	31917
萨	31899
纵	31821
喊	31766
搞	31655
冒	31636
罢	31390
盛	31368
塞	31285
妹	31240
萧	31212
桌	31172
圆	31128
纷	31092
悲	31078
鼓	31073
淡	31035
访	30925
础	30774
杜	30662
宽	30632
拜	30516
犹	30466
抽	30410
刑	30387
偏	30383
奔	30336
侵	30264
延	30153
懂	30101
蒋	30063
针	30041
抬	30038
舞	30027
赞	29996
侧	29912
赛	29729
纯	29723
申	29684
夺	29645
柳	29527
距	29474
丹	29369
仿	29163
川	29131
途	29086
曹	28985
购	28952
亿	28948
乌	28934
胸	28930
浪	28901
贝	28882
偷	28816
姆	28808
竞	28792
茶	28769
末	28667
毁	28645
烧	28598
伟	28588
库	28520
弃	28508
墙	28475
雅	28423
贸	28406
沿	28370
爆	28322
振	28317
趣	28314
操	28307
诚	28271
挑	28267
杰	28221
轰	28220
盟	28078
勇	28032
敬	27891
狗	27812
恨	27811
迹	27774
呆	27741
疾	27708
哲	27623
促	27568
麦	27522
横	27513
丰	27512
闭	27457
撤	27454
析	27449
挂	27403
彩	27299
埃	27288
召	27278
童	27271
摩	27251
乘	27002
符	26975
筑	26939
眉	26934
侠	26894
袭	26792
孤	26700
培	26686
耶	26660
染	26620
稍	26606
妙	26553
凶	26487
页	26435
戴	26329
洗	26313
陷	26307
络	26306
植	26305
厚	26301
措	26290
瓦	26254
援	26160
汇	26125
触	26118
售	26114
违	26081
粮	26036
泪	26022
彻	25932
洪	25929
献	25904
魂	25863
抢	25854
玄	25775
巧	25754
珠	25718
劲	25703
彼	25530
摸	25481
凭	25311
暂	25304
碰	25246
皆	25193
尖	25173
忠	25113
奉	25042
享	25039
聚	25038
胆	24937
厅	24928
闹	24877
灰	24876
津	24851
倾	24844
订	24833
鸟	24816
扑	24634
孔	24564
汽	24427
吓	24406
驻	24386
督	24379
凤	24349
紫	24317
妖	24277
凌	24250
唱	24233
梁	24171
箭	24139
融	24099
殊	24029
课	24017
莱	24007
奴	23980
扫	23920
肩	23919
鼻	23916
庆	23894
镜	23779
菜	23744
恢	23698
御	23658
烦	23644
裁	23632
估	23599
隔	23543
尸	23528
尾	23526
仪	23497
瞧	23486
迟	23475
圈	23442
译	23404
骂	23397
珍	23332
币	23329
惨	23317
剩	23258
愈	23255
飘	23245
荒	23218
惯	23201
缘	23170
曼	23122
舍	23082
季	23043
旗	22988
艾	22960
牌	22910
恰	22869
废	22860
腰	22860
腿	22830
玛	22803
累	22766
涉	22752
燕	22742
朗	22692
颗	22683
签	22675
吹	22661
罚	22655
拒	22654
仰	22649
描	22608
杯	22579
奖	22572
奋	22563
奶	22539
贫	22518
甘	22506
婆	22502
繁	22323
穷	22320
伏	22318
幕	22301
殿	22274
沈	22236
绍	22161
启	22157
缩	22150
粗	22131
弗	22111
患	22090
仇	22079
债	22037
碎	22025
挺	22022
泰	22014
羊	21942
旋	21929
晓	21896
障	21854
桥	21838
仁	21797
郎	21774
孟	21748
讯	21720
虫	21718
郭	21709
幻	21695
赫	21652
裂	21599
凝	21511
颜	21501
刊	21489
慈	21477
吕	21474
辛	21456
昨	21456
役	21438
逼	21362
泛	21346
瑞	21328
伴	21306
袁	21235
翼	21224
舒	21179
宜	21153
偶	21141
峰	21084
径	21059
岂	21044
潮	21042
捕	21029
辆	20986
邪	20924
症	20887
颇	20876
插	20838
袋	20787
爬	20786
掩	20746
霍	20684
浮	20670
倍	20667
壮	20651
豪	20650
拔	20589
拖	20548
渡	20515
悄	20485
堆	20460
鸡	20457
狼	20448
播	20431
零	20379
躲	20265
映	20237
灾	20221
尺	20162
俗	20059
疯	20019
丧	19982
冬	19953
辩	19898
炎	19849
咬	19841
码	19839
猜	19796
壁	19764
艘	19759
滚	19714
贴	19673
赏	19627
劝	19582
兽	19519
番	19514
哼	19506
撞	19494
伍	19492
柔	19480
旦	19450
跃	19405
隆	19403
魏	19383
狠	19299
糊	19295
扎	19281
忧	19248
衡	19218
帐	19196
崇	19183
汗	19113
赖	19092
薄	19047
净	18996
粉	18986
岩	18985
忆	18975
堡	18972
巡	18923
仔	18871
欣	18856
偿	18854
愤	18852
阁	18835
详	18824
喵	18802
竹	18801
漫	18792
爹	18792
董	18791
撒	18766
佩	18749
丢	18713
绕	18711
赤	18658
扶	18585
蛋	18579
吐	18571
返	18557
闲	18526
陪	18506
乔	18498
盾	18490
矿	18412
矛	18407
耐	18395
焦	18394
侍	18389
拳	18340
墨	18299
允	18295
侯	18294
滑	18264
润	18221
胞	18185
邦	18165
辈	18157
井	18145
荷	18132
摄	18125
署	18120
荡	18090
敏	18077
递	18058
泥	17984
骗	17950
曰	17942
彭	17925
租	17915
晨	17883
搜	17871
昏	17838
幅	17747
奏	17740
幽	17700
兼	17683
肃	17611
艇	17605
辑	17579
枝	17555
岳	17553
黎	17543
浓	17542
酸	17541
污	17532
凉	17491
辞	17457
嘛	17452
戒	17432
躺	17414
菲	17407
垂	17374
贯	17335
炼	17291
苍	17259
箱	17254
驾	17243
驱	17179
凯	17174
截	17133
埋	17075
拼	17019
涌	16978
乏	16950
腾	16934
悉	16928
冯	16903
诊	16901
皱	16893
桑	16832
慧	16807
漂	16807
蛇	16798
恭	16737
迪	16724
恋	16720
侦	16639
钢	16591
氏	16583
贼	16526
燃	16512
饮	16488
碍	16448
韦	16422
尘	16412
餐	16394
邓	16308
阅	16291
液	16279
欺	16260
呵	16256
牵	16231
综	16226
俩	16220
踪	16215
殖	16213
趋	16165
磨	16133
绪	16118
锁	16112
陶	15981
蒂	15976
慌	15958
臂	15951
慕	15900
晋	15874
卢	15871
惠	15869
储	15825
汤	15803
宪	15800
扰	15791
宙	15781
聪	15695
怨	15587
呈	15551
跌	15526
匆	15456
铺	15439
脉	15420
锋	15418
劫	15405
芳	15394
宾	15358
帕	15353
盗	15321
佳	15318
遵	15313
哦	15295
幼	15270
仗	15264
伪	15222
驶	15217
腹	15199
牧	15192
踏	15146
惜	15141
朵	15119
袖	15116
胁	15113
抛	15100
霸	15079
媒	15070
频	15056
勃	15027
盯	15019
弯	15016
抚	15016
扭	15011
册	14968
励	14949
颤	14931
键	14920
勤	14905
贡	14882
洁	14876
怜	14868
寿	14831
腊	14829
贺	14818
雾	14817
龄	14814
椅	14809
挤	14782
扣	14767
届	14741
券	14711
熊	14694
尝	14571
询	14566
喷	14548
娇	14545
夹	14544
肥	14539
祝	14523
吾	14455
寄	14432
疼	14414
斜	14405
拟	14402
迁	14388
钻	14382
浑	14375
肚	14372
艰	14325
牢	14312
惧	14274
挡	14272
敲	14240
庞	14204
叛	14194
鸣	14156
柏	14137
薛	14119
屈	14090
叙	14084
悟	14021
坡	13967
辽	13966
腐	13965
匹	13949
铜	13883
籍	13876
穆	13860
割	13820
旨	13817
擦	13780
沟	13779
抖	13775
掠	13750
奈	13736
泉	13734
狱	13723
揭	13692
晃	13679
怔	13632
猎	13600
诱	13585
娜	13580
猫	13577
醉	13569
祭	13563
貌	13561
池	13558
琴	13546
寂	13528
遥	13526
瓶	13490
羽	13485
昆	13435
辉	13418
吞	13406
牲	13386
哀	13380
昌	13368
厌	13348
晶	13346
剂	13343
绩	13324
筹	13322
柱	13311
搬	13272
莲	13262
鹰	13244
鞋	13235
俊	13210
恼	13145
瞪	13141
俱	13104
稿	13088
搭	13087
僧	13074
纠	13046
亏	13044
睁	13010
弥	12986
践	12974
猪	12972
迈	12962
瘦	12961
浅	12955
挣	12940
逻	12936
宿	12823
疲	12806
邻	12805
惑	12797
胖	12779
丛	12770
跪	12770
傻	12706
贾	12662
稀	12657
脏	12653
慰	12651
廷	12630
饰	12625
鉴	12616
贷	12590
祥	12547
葛	12544
冠	12543
跨	12528
耗	12512
赔	12510
悬	12505
仲	12504
拦	12493
戈	12488
粒	12486
遣	12469
捉	12453
赢	12449
拨	12438
傅	12431
仆	12394
锦	12394
趁	12388
贤	12374
贪	12365
澳	12362
削	12326
衰	12305
扔	12258
卓	12256
湿	12230
瞬	12228
桃	12185
鼠	12182
辖	12166
遂	12151
闷	12080
雕	12054
邮	12045
誉	12030
暖	12029
阔	12018
乾	11984
祸	11977
押	11974
枚	11974
梯	11880
豆	11861
歇	11854
嫌	11841
碗	11835
涂	11802
挖	11792
抑	11772
烂	11750
契	11747
娃	11745
循	11744
渔	11736
嘉	11729
丑	11717
赋	11715
斤	11708
勾	11706
寺	11692
吼	11689
坛	11680
惟	11676
邀	11667
械	11632
滴	11629
赴	11618
堪	11614
帽	11600
帅	11599
逊	11576
傲	11570
吨	11540
仓	11533
浩	11516
寸	11449
姿	11426
覆	11406
闯	11383
愚	11336
痕	11331
瑟	11308
牺	11308
唤	11284
赌	11282
庙	11228
蔡	11227
扁	11198
哩	11189
煤	11189
玻	11185
汪	11152
苗	11148
峡	11122
敦	11114
逆	11098
纹	11091
宅	11039
妥	11037
忌	11028
郁	11016
笼	11013
盐	10995
玲	10989
唇	10976
耀	10976
慎	10972
秩	10963
涨	10940
墓	10939
饿	10933
陵	10931
羞	10920
恒	10911
纽	10899
弓	10893
糖	10892
锐	10872
缝	10868
夸	10864
喘	10859
碧	10854
卧	10851
宏	10844
岗	10836
惩	10776
谨	10771
疏	10761
斥	10759
滋	10745
串	10725
漠	10723
屏	10722
悔	10717
溜	10694
挨	10681
档	10679
雇	10674
扇	10673
蛮	10667
鸿	10660
歼	10643
砍	10619
糟	10617
欠	10617
添	10606
柴	10597
屠	10587
勉	10581
肌	10573
齿	10569
赐	10552
桂	10546
刷	10538
聊	10527
肝	10514
捷	10513
喂	10470
舱	10452
啥	10442
唉	10426
磁	10423
茫	10411
嫁	10399
乙	10381
嘿	10375
瓜	10352
丘	10350
菌	10350
粹	10335
催	10333
吩	10330
披	10323
履	10309
乳	10305
煞	10268
廉	10259
兹	10236
儒	10228
扯	10219
狐	10205
姊	10198
缠	10193
伐	10184
矮	10183
绘	10145
姜	10145
卿	10143
斩	10138
穴	10131
肤	10119
陛	10110
鹏	10103
肿	10101
辅	10066
肖	10058
沃	10045
巫	10031
罩	10000
柄	9999
缴	9996
潘	9990
蜂	9975
窝	9964
舌	9935
晴	9921
弘	9920
隶	9919
悠	9917
耕	9905
郡	9902
爵	9901
奸	9899
绳	9897
辨	9885
溃	9846
婴	9823
孝	9818
怖	9817
丫	9784
愁	9783
亭	9741
携	9725
泄	9714
疫	9696
谭	9691
翠	9663
霞	9642
惹	9608
酷	9604
癌	9596
翰	9576
昂	9555
劈	9553
甜	9522
棉	9490
剥	9484
卑	9483
矣	9463
袍	9453
轨	9444
卜	9425
柯	9404
吟	9402
鞭	9377
宰	9373
脖	9359
俘	9358
辱	9349
尿	9341
莉	9335
咽	9321
臭	9312
吻	9311
疆	9303
饱	9300
抹	9299
愣	9289
凑	9264
芬	9248
朕	9202
畏	9190
骤	9189
禅	9184
拾	9182
炉	9173
渴	9137
铃	9130
妨	9122
填	9107
豫	9103
劣	9097
竭	9091
愉	9076
摔	9070
览	9065
顽	9061
脆	9049
吵	9032
泡	9026
毅	8996
吊	8986
扮	8964
狄	8962
腔	8951
遮	8945
鹿	8945
肠	8942
灌	8917
夕	8907
址	8902
壳	8895
氧	8885
屁	8867
饶	8861
狭	8839
摘	8819
芒	8817
棋	8810
讼	8797
杆	8794
翁	8792
倘	8789
胃	8784
拆	8753
盒	8748
驰	8738
鲍	8732
纲	8695
璃	8679
艳	8661
匪	8648
蓄	8620
妄	8618
姚	8616
漏	8609
秒	8602
柜	8568
掏	8550
函	8544
哎	8532
於	8528
裤	8526
猴	8506
枯	8491
喉	8474
悦	8458
痴	8457
畜	8456
衫	8449
寨	8437
誓	8420
翅	8419
膀	8404
钦	8391
纤	8382
厨	8372
撑	8367
宴	8365
锅	8351
涛	8343
淮	8338
盈	8326
胎	8319
崩	8307
拐	8283
轩	8277
茨	8271
盆	8269
崖	8266
砸	8254
刹	8252
姬	8250
晕	8244
赚	8235
囊	8230
凄	8220
膜	8203
葬	8166
挽	8156
耸	8138
脾	8113
诞	8108
懒	8096
妃	8074
斑	8072
崔	8067
後	8060
嫂	8056
颠	8051
棵	8046
佐	8039
尉	8000
陡	7996
眨	7982
陀	7972
陕	7966
蜜	7952
饲	7937
肺	7932
颈	7926
眠	7914
喃	7909
撕	7858
驳	7834
摊	7805
朴	7798
拘	7785
酬	7780
朔	7779
爪	7776
寇	7765
岭	7754
裕	7725
僵	7714
卵	7690
盼	7684
赠	7679
狮	7671
逝	7667
藤	7660
湘	7659
棍	7657
堵	7650
歪	7646
窃	7644
冻	7643
俯	7638
虹	7633
陌	7630
骄	7625
甫	7612
盲	7603
姻	7602
畅	7578
拓	7576
啸	7571
抄	7564
昭	7564
猩	7563
拱	7560
摧	7550
蓬	7541
菩	7541
铭	7514
浙	7503
洒	7501
氛	7494
饥	7480
踢	7477
璇	7462
泊	7452
琼	7452
锡	7446
滩	7432
捧	7427
讶	7418
咳	7404
嘱	7398
绵	7379
筒	7375
冈	7369
萍	7354
挪	7353
辟	7351
钩	7338
歧	7337
芝	7332
谅	7329
逢	7325
鼎	7317
廊	7283
吁	7276
栏	7262
巾	7252
罕	7231
链	7227
溪	7220
趟	7191
坑	7186
躯	7185
吏	7177
歉	7170
沾	7165
妮	7154
筋	7149
殷	7147
棒	7143
坠	7142
渊	7140
匠	7136
耍	7133
葡	7133
寡	7129
捏	7125
鸭	7108
冤	7103
钉	7103
舟	7098
瞎	7096
笨	7096
辰	7089
瞒	7081
剪	7080
耻	7057
漆	7048
阎	7039
骇	7038
擅	7035
诡	7033
孕	7033
莎	7031
昔	7025
蠢	6998
宠	6988
谦	6974
茅	6974
淋	6959
账	6948
胶	6938
玑	6929
胀	6928
庸	6907
衙	6905
乞	6904
媚	6904
膝	6902
逮	6896
宛	6889
翔	6885
夷	6881
骚	6875
荆	6862
杭	6858
裸	6828
乖	6826
姨	6790
哑	6785
嚷	6770
旺	6767
恍	6763
叉	6763
惶	6757
咒	6755
镖	6754
亨	6719
窜	6717
杖	6711
蝶	6682
逸	6679
恕	6675
搏	6670
焰	6656
绣	6644
禧	6642
淫	6621
丐	6596
碑	6596
鹅	6589
蒲	6588
阐	6587
轿	6585
伞	6583
蔽	6576
咐	6575
兆	6570
爽	6568
豹	6567
弦	6564
薪	6564
冥	6558
捐	6552
谎	6537
愧	6531
衷	6522
倏	6512
猿	6509
哇	6503
粘	6492
栽	6461
浦	6459
掀	6456
脂	6435
嘲	6413
框	6412
矩	6408
龟	6404
叠	6402
谊	6383
脊	6379
刮	6377
兔	6356
哨	6356
娶	6335
聘	6326
慨	6324
俺	6322
嗓	6320
舅	6310
寓	6292
戚	6289
仑	6269
恳	6246
瘤	6241
掘	6235
浴	6223
倡	6198
裹	6186
圳	6168
渠	6168
钓	6167
涵	6165
泼	6156
窄	6152
瓷	6152
祈	6152
拂	6144
巢	6124
贞	6114
纱	6106
绑	6093
茂	6090
砖	6089
谱	6082
坟	6080
噢	6068
硕	6060
侄	6033
蹲	6025
甩	6009
匈	6007
胳	5987
躬	5987
徽	5935
邵	5929
蜀	5928
篮	5922
竖	5899
颁	5886
焉	5881
壶	5871
浸	5859
萄	5856
僚	5855
玫	5851
桓	5850
攀	5842
撰	5834
旬	5829
媳	5824
嘻	5822
蒸	5816
裙	5800
滥	5792
愕	5788
讽	5785
霜	5779
诏	5772
躁	5762
厘	5761
憾	5759
帘	5745
巷	5739
溶	5733
勋	5723
亩	5722
晰	5722
滞	5716
舆	5714
咸	5702
衔	5699
邱	5695
挫	5687
搁	5684
桩	5684
雀	5678
辣	5673
诧	5671
哗	5670
屡	5663
喻	5649
窑	5640
踩	5630
鸦	5618
郊	5600
株	5599
秃	5592
禄	5591
厦	5590
卒	5574
丸	5564
聂	5556
雁	5549
琳	5518
虏	5502
汝	5483
肢	5472
咕	5468
耽	5464
咖	5462
煌	5460
肆	5455
哄	5440
弊	5434
耿	5431
叮	5419
腺	5414
倦	5414
鹤	5388
彪	5388
尴	5387
巩	5379
焚	5371
饼	5346
鄙	5344
拢	5340
瞄	5337
勿	5334
菊	5334
腕	5305
厢	5305
斋	5302
诈	5284
呜	5282
怯	5281
铸	5266
诀	5243
绢	5238
魄	5227
婉	5225
兜	5223
涅	5223
禀	5216
驴	5214
垄	5212
擒	5203
囚	5202
捞	5200
舶	5183
倚	5180
喀	5177
贱	5177
稣	5174
冀	5173
厄	5172
溢	5144
炭	5140
稽	5137
渗	5130
泣	5123
罐	5123
螺	5121
衍	5120
狡	5114
桶	5111
塌	5103
嘶	5102
卸	5102
帆	5100
侨	5099
逗	5073
昧	5067
蓦	5051
坎	5043
棺	5039
荐	5011
雌	5010
棚	4995
靖	4991
裴	4983
栖	4979
钧	4976
贩	4973
啡	4964
衬	4956
兑	4953
榜	4952
魁	4930
谜	4926
毙	4924
麽	4922
瞥	4921
纺	4914
掷	4910
肾	4908
烛	4902
谬	4901
锻	4901
芦	4895
膨	4885
珊	4873
刃	4867
隙	4866
垒	4858
嫩	4858
钥	4856
塘	4850
韵	4847
旱	4843
咨	4830
喇	4830
驼	4826
颂	4824
譬	4823
尹	4821
傍	4813
坊	4794
哟	4790
忖	4778
霉	4778
苹	4767
佣	4764
搂	4763
堤	4749
怡	4742
谍	4739
淘	4739
贬	4733
藩	4733
斧	4730
糕	4728
颖	4727
俞	4727
砰	4722
稻	4707
熙	4682
盏	4673
棠	4670
黯	4642
襄	4634
烤	4631
詹	4627
煮	4624
魅	4620
蕴	4617
谐	4616
谕	4616
骆	4616
捆	4614
剿	4604
枕	4593
轴	4592
笛	4583
挟	4576
逾	4571
咧	4568
斌	4567
捡	4548
壤	4547
黛	4538
沼	4535
辐	4535
淑	4529
娱	4529
窦	4526
淹	4526
呐	4524
灿	4513
迦	4505
绅	4503
禽	4491
犬	4488
倩	4484
彦	4483
伽	4477
蹄	4465
枢	4462
啪	4461
妾	4442
搅	4435
汁	4433
凛	4428
羡	4428
伺	4423
蚁	4417
剖	4403
幢	4401
绞	4396
瞅	4395
俏	4387
娟	4385
奢	4366
膊	4365
谴	4364
丙	4354
滨	4351
窥	4335
斐	4329
祷	4323
藉	4321
敞	4314
厮	4309
咯	4304
凰	4304
顷	4302
沸	4300
绸	4293
椎	4292
莹	4292
垫	4291
廖	4289
捣	4276
叩	4273
蜡	4272
侮	4270
眸	4260
逛	4256
芙	4249
炒	4245
谣	4242
沫	4237
咋	4235
屯	4234
屑	4232
瑰	4224
峻	4216
喧	4202
晒	4201
莽	4193
矢	4190
熬	4186
龚	4186
撇	4185
梳	4182
醇	4168
辜	4161
迄	4161
匙	4160
嫉	4156
睹	4154
镑	4153
诵	4140
嗅	4136
痒	4135
栗	4130
颊	4126
缅	4125
缚	4113
樱	4111
妒	4110
麟	4102
逍	4081
潭	4076
芯	4067
郝	4063
蛛	4059
凳	4048
堕	4048
揉	4036
婢	4030
梭	4019
嗣	4017
虞	4016
垃	4014
妓	4013
勘	4012
篷	4010
乍	4004
桐	3985
缕	3984
叱	3982
鲸	3976
贿	3974
趴	3966
朽	3965
硅	3962
奎	3961
钞	3961
磕	3960
瑶	3957
隋	3956
憎	3948
蔑	3943
馨	3940
杏	3935
栋	3931
昼	3927
苟	3924
腥	3918
萝	3910
弩	3907
碌	3892
寝	3886
倭	3879
垮	3867
岚	3856
燥	3853
姥	3849
沦	3845
兀	3840
铅	3834
砂	3831
兮	3824
牟	3814
哉	3811
浆	3808
虐	3807
嗡	3803
旷	3800
沮	3794
帖	3791
诛	3787
鳞	3787
涯	3778
遁	3775
澄	3771
锤	3767
滔	3764
寞	3755
妆	3747
蹦	3743
阮	3741
募	3734
敷	3733
眯	3728
汹	3723
嘟	3722
霆	3720
褐	3718
畴	3697
蚕	3693
嚼	3690
奠	3690
榴	3688
拙	3682
蚀	3681
荫	3676
鸽	3674
咦	3670
甸	3668
吱	3667
泌	3665
暮	3664
挠	3659
叭	3653
灶	3651
峨	3643
蓉	3642
菱	3635
稚	3632
澡	3631
蔓	3628
泻	3617
裘	3610
溅	3604
丞	3603
秉	3598
绒	3589
遏	3589
彬	3585
熄	3582
朦	3581
琢	3574
膏	3572
泳	3567
凿	3566
敛	3558
庐	3550
惭	3539
畔	3534
沧	3528
酿	3520
阀	3515
虔	3500
侣	3496
匀	3475
拯	3468
莺	3467
屿	3466
沪	3463
叟	3460
藻	3459
雍	3456
瘫	3454
蹈	3444
揽	3441
豁	3439
氢	3439
骸	3432
陋	3427
捂	3422
冶	3419
懈	3418
坪	3414
蔬	3404
翘	3400
嘎	3389
缔	3388
钮	3385
讥	3384
娥	3384
晤	3382
灼	3380
舵	3377
纬	3370
圾	3368
澜	3356
茎	3356
鄂	3352
歹	3344
邹	3339
枉	3334
琉	3328
庇	3326
跋	3325
杉	3325
梢	3322
戳	3318
蝉	3316
毯	3313
萎	3311
裳	3306
绰	3305
狸	3302
佑	3302
拚	3301
窟	3300
硫	3298
腻	3297
憋	3279
凹	3277
赎	3272
崎	3265
烁	3262
嚣	3259
焕	3250
暑	3246
扛	3243
匕	3240
揣	3239
凸	3234
怠	3234
觅	3232
呕	3226
孽	3225
楞	3221
矫	3218
潇	3206
簇	3205
浇	3204
绥	3203
枣	3203
蝇	3198
芽	3198
僻	3197
榻	3197
宦	3182
沐	3182
毋	3177
碟	3174
仕	3169
戎	3164
呻	3161
啼	3159
虾	3158
樊	3157
棕	3153
萌	3153
嫣	3151
伶	3148
鞘	3148
删	3144
嵌	3135
暇	3133
蛟	3129
茵	3127
驯	3126
碳	3124
炕	3124
烫	3115
咚	3110
苑	3109
蚂	3107
厥	3103
雯	3102
赦	3098
慷	3097
旭	3092
煎	3092
惕	3083
颓	3081
坝	3080
悍	3080
噪	3073
匿	3073
涡	3072
禹	3068
敝	3066
缸	3066
簿	3065
坤	3062
琐	3044
蚊	3041
粟	3040
诫	3039
髓	3033
梵	3032
溯	3026
蝴	3019
涩	3017
尬	3017
揪	3015
窘	3010
盔	3002
棘	3002
喔	2991
婶	2991
踱	2986
嗜	2983
啤	2981
哺	2978
奕	2978
淳	2976
镶	2972
晌	2971
粪	2967
铲	2967
瑜	2964
冢	2960
唾	2960
庵	2955
扼	2947
聋	2946
庚	2939
膛	2931
疤	2928
叨	2926
佟	2920
绷	2917
棱	2912
筷	2911
慑	2911
庶	2901
沁	2897
渺	2896
迂	2890
梨	2889
拣	2888
葫	2874
浏	2869
橡	2867
扳	2865
嘘	2864
牡	2863
贮	2861
窍	2859
襟	2859
眷	2854
弧	2848
癫	2847
葱	2844
熏	2838
噗	2837
炯	2835
稼	2831
鞠	2830
塑	2824
栅	2824
霎	2822
匣	2821
厕	2818
眩	2805
岔	2804
谏	2802
缆	2802
呃	2795
斟	2791
懿	2791
唔	2791
拧	2790
磅	2788
嗤	2788
尧	2787
鳍	2786
肘	2780
帜	2776
晦	2775
搓	2774
粥	2773
枫	2769
琪	2767
裔	2763
彰	2755
瞻	2754
邑	2749
吭	2745
垣	2740
嗽	2736
皓	2732
竿	2720
嚎	2718
拽	2711
胧	2680
倪	2680
峭	2679
攸	2677
瓣	2675
忿	2667
扒	2665
嘀	2658
桨	2657
锥	2652
梗	2650
蹬	2649
夭	2648
俭	2646
淌	2643
廓	2641
浊	2641
碱	2639
迭	2637
讳	2635
逞	2635
邸	2621
磷	2619
檀	2619
撼	2618
踉	2616
娅	2615
绽	2614
诬	2612
哆	2612
靴	2599
冉	2594
芸	2593
宵	2586
奚	2586
戟	2585
蛙	2581
札	2581
硝	2578
沛	2578
擎	2578
崛	2561
槽	2558
礁	2551
喽	2551
哮	2538
腮	2537
蜘	2535
妞	2533
刁	2530
栓	2530
熔	2529
懊	2524
铮	2513
侥	2512
鞑	2512
炽	2512
胚	2510
迸	2496
苛	2496
敖	2495
轼	2494
祁	2492
拇	2484
窒	2481
邢	2481
酌	2480
柬	2475
悼	2474
瑛	2469
颐	2466
掐	2465
猝	2462
锣	2462
缀	2462
饷	2459
卦	2456
壕	2454
噬	2453
絮	2453
崭	2450
馈	2443
霄	2439
荀	2437
褚	2435
岑	2435
墅	2432
墟	2427
涕	2421
殆	2421
骏	2416
矗	2413
徘	2411
幡	2404
釉	2402
嗔	2400
煽	2389
醋	2387
匡	2381
鞍	2373
袜	2371
寥	2367
槐	2366
罡	2354
茜	2353
挚	2350
缎	2347
薇	2344
闺	2341
湛	2338
悯	2337
咆	2331
毓	2329
颅	2327
摹	2327
陇	2325
唬	2321
钙	2321
缪	2313
酱	2311
痰	2310
锯	2304
炫	2301
霹	2301
杠	2298
懦	2297
忒	2297
笃	2295
翩	2289
檐	2288
婿	2283
肋	2282
搀	2282
汰	2281
垦	2281
蟹	2280
捅	2280
箫	2277
拴	2275
羌	2272
绊	2271
嗦	2270
洽	2269
瀑	2268
珀	2264
绎	2261
恃	2258
驿	2258
蟒	2257
撩	2254
掳	2250
抒	2249
犀	2247
芭	2247
舷	2246
甄	2241
睦	2237
臀	2237
拎	2237
橱	2237
嫦	2236
粤	2230
娴	2230
蕊	2228
辫	2226
酋	2219
狞	2217
诅	2216
踌	2216
坞	2214
渣	2214
巍	2213
亥	2213
靡	2207
瘟	2202
瞿	2200
惫	2199
陨	2199
脯	2194
骷	2194
肪	2191
祠	2189
祀	2189
揖	2188
膳	2182
剔	2182
叽	2179
钝	2174
缉	2172
狙	2171
靶	2171
徊	2168
氯	2167
疮	2166
蔚	2165
鹃	2160
啃	2156
皂	2150
阙	2148
鲤	2144
峙	2141
氨	2140
禺	2137
舔	2135
骡	2134
闽	2132
秽	2130
闵	2126
咙	2123
瑚	2119
嬉	2116
拭	2114
肮	2112
佬	2110
紊	2109
狩	2108
咎	2105
栈	2102
嗨	2101
殉	2099
幌	2098
苔	2098
嵩	2097
篱	2096
氓	2092
剃	2092
婷	2090
昊	2088
砌	2087
绫	2087
佯	2083
巳	2082
悖	2081
炳	2080
呛	2078
濒	2077
瞟	2075
屎	2075
汀	2075
孜	2068
嵋	2063
犁	2060
揍	2058
苇	2056
掺	2049
趾	2040
酶	2038
榆	2037
霖	2035
韧	2031
拷	2030
侈	2029
肇	2025
饵	2025
舜	2024
兢	2022
臻	2021
猾	2018
擂	2018
恤	2016
隘	2014
忏	2013
蝗	2008
颔	2003
绮	1998
诩	1997
钗	1997
琦	1997
茄	1995
敕	1993
睿	1991
跺	1989
噜	1989
佃	1986
颉	1984
戮	1984
铀	1983
倔	1982
褂	1981
蕉	1981
谟	1980
溺	1980
皖	1978
狈	1973
噩	1971
糙	1970
瘾	1965
赁	1964
埔	1960
咄	1958
畸	1954
赣	1952
樵	1950
亢	1949
侃	1947
嫡	1946
眶	1942
涤	1941
鸠	1940
捻	1940
捍	1939
酥	1934
芜	1934
眺	1932
屉	1932
抿	1930
辙	1928
胤	1926
闸	1924
蛊	1923
褪	1919
鳌	1919
彷	1918
翎	1916
衅	1914
婪	1914
猖	1909
捶	1905
伎	1904
梧	1903
洼	1893
吆	1892
瞳	1891
椒	1891
勺	1890
卉	1889
竺	1883
嗖	1882
淀	1880
痪	1879
烘	1879
炊	1877
枭	1868
髦	1867
轧	1856
矶	1855
钳	1854
稠	1852
戊	1846
羁	1844
璋	1831
咪	1823
甭	1822
颌	1821
铝	1813
谒	1809
麾	1808
驭	1803
俨	1800
侬	1794
疚	1793
憔	1792
晏	1792
驮	1791
烙	1790
赃	1790
怅	1788
搔	1787
磋	1783
篡	1782
蹙	1782
毗	1780
瞩	1778
笠	1778
殴	1771
唠	1770
喳	1769
锄	1766
隧	1766
剌	1761
憨	1759
菁	1759
狰	1758
桔	1757
孵	1754
袅	1750
蝠	1750
滇	1748
黝	1744
疹	1744
酝	1740
汴	1740
缰	1740
垢	1736
掣	1734
琅	1733
嘈	1732
筛	1730
谤	1727
曙	1724
蕾	1724
漱	1723
阱	1723
琵	1719
胰	1717
狒	1715
哽	1713
呸	1711
廿	1711
睫	1710
蠕	1709
讪	1708
筐	1708
吠	1708
惺	1706
汲	1706
赂	1706
酣	1705
澈	1704
滤	1703
徙	1702
抡	1701
惋	1699
漩	1698
孰	1695
睬	1693
哧	1691
椭	1691
钵	1690
笈	1689
褒	1689
茹	1689
蛾	1686
啧	1681
衲	1681
窖	1680
澎	1680
毡	1680
曳	1678
荧	1678
吝	1676
跄	1671
谛	1670
淆	1665
诣	1661
菇	1661
锈	1659
辗	1657
穗	1655
惰	1653
鲨	1653
柿	1652
脓	1648
巅	1646
帷	1644
娄	1644
啄	1644
簧	1643
琛	1642
萤	1642
奄	1637
盎	1634
渭	1632
馒	1629
鸾	1627
攘	1627
忡	1625
嫖	1620
蝎	1619
虬	1615
鹦	1615
桅	1612
贻	1611
咀	1610
鞅	1610
翟	1609
惚	1608
拈	1608
钊	1607
沌	1606
痊	1606
攒	1606
髯	1604
烹	1602
豚	1601
咏	1599
诘	1598
腑	1598
渎	1597
悚	1595
撮	1594
磊	1591
觑	1591
寅	1590
茸	1590
忱	1585
傀	1582
亵	1581
弛	1578
疙	1578
匾	1578
雏	1575
弼	1572
戍	1572
帛	1569
缭	1568
迥	1566
袄	1566
羹	1566
俟	1563
躇	1563
墩	1559
鸥	1555
痉	1554
抨	1552
阜	1552
禾	1547
曝	1545
乒	1543
壬	1543
伢	1541
孚	1541
隅	1541
堑	1539
恪	1538
槛	1537
驹	1535
薯	1535
惦	1534
怦	1533
炙	1532
恺	1529
蒜	1529
坍	1527
铠	1525
韶	1525
咔	1523
璧	1523
驸	1521
霓	1518
嗒	1517
彝	1516
淤	1513
挛	1512
抉	1512
捎	1509
呱	1507
袱	1507
蹑	1505
惘	1505
糜	1504
蹿	1503
桀	1501
聆	1501
褥	1500
阑	1500
貂	1499
蹭	1498
梓	1498
俾	1495
漪	1495
矜	1495
穹	1493
诃	1493
诽	1493
圭	1493
漓	1493
肛	1492
蔼	1486
鬓	1483
蕃	1483
辄	1482
恻	1481
阉	1478
崽	1476
刨	1475
瓢	1474
祟	1471
幔	1469
沽	1468
筝	1467
笋	1467
滕	1463
炬	1463
葵	1463
铎	1462
恬	1461
楷	1457
袒	1456
纶	1454
冕	1454
疡	1452
埠	1451
偌	1449
蜈	1448
涧	1446
橙	1446
煸	1445
瓒	1445
诲	1444
蝙	1444
痹	1441
殃	1441
晖	1440
蜷	1438
鸳	1435
噶	1434
鹊	1434
蘑	1434
碾	1431
珂	1429
芮	1425
茧	1425
羔	1420
靳	1419
堰	1418
黏	1417
悻	1417
曦	1417
橄	1416
腋	1414
偕	1414
妩	1414
涟	1411
暧	1411
拗	1410
憧	1409
胥	1406
芹	1405
圃	1404
俸	1404
薰	1404
秧	1402
邯	1401
拌	1401
悸	1400
锚	1400
瑙	1396
砾	1395
癸	1394
磐	1387
凋	1386
溥	1386
嬴	1385
亟	1384
偎	1384
橘	1383
滢	1380
懵	1379
绚	1378
唆	1377
胺	1376
肴	1375
嚓	1375
撬	1375
纂	1374
碉	1368
蹊	1368
忐	1367
钠	1367
楠	1367
笺	1365
渲	1363
娼	1362
湄	1361
翡	1360
暨	1360
鳄	1357
萃	1354
籽	1353
枷	1353
骼	1352
韬	1351
笙	1350
祺	1350
潼	1350
悴	1349
岐	1349
攥	1345
喋	1344
蜕	1343
聿	1342
氮	1339
踹	1339
釜	1339
叼	1337
揩	1337
麓	1337
嫔	1334
劾	1333
辎	1332
翌	1330
乓	1329
绯	1328
渤	1326
俐	1325
粱	1324
腓	1320
撵	1319
搐	1317
赘	1316
茬	1316
龋	1313
饺	1312
瘪	1312
遽	1312
怂	1309
屹	1308
沥	1305
辕	1305
缜	1303
讷	1302
睾	1302
蚤	1301
锭	1300
瑾	1296
榨	1296
蛤	1295
攫	1294
捋	1290
骥	1288
瓮	1286
汾	1284
惴	1283
溉	1281
惮	1278
妊	1278
馀	1277
锌	1277
帧	1276
撂	1276
酵	1271
哒	1270
绛	1268
冗	1267
磺	1265
赈	1264
跤	1262
瀚	1262
彗	1261
顼	1260
簸	1259
雳	1259
愫	1257
镰	1257
掂	1253
擘	1249
谚	1248
卤	1247
箍	1247
跛	1245
膺	1243
筵	1243
皈	1242
桢	1242
渝	1241
漾	1239
铢	1239
啜	1238
锵	1238
耆	1238
扈	1237
瘩	1237
阪	1234
萦	1233
囱	1231
暄	1230
哝	1226
漳	1226
藐	1225
侏	1224
栩	1224
吮	1223
莞	1223
砚	1222
匮	1221
踞	1219
涣	1219
潦	1219
秤	1218
浚	1217
惬	1216
濮	1216
瘸	1216
琶	1212
癖	1209
祗	1208
邺	1207
杞	1205
瞠	1203
螂	1202
烽	1201
讹	1198
臆	1197
蜒	1197
蜿	1195
蹂	1194
沂	1194
颍	1194
遐	1193
摒	1193
蟾	1193
帚	1193
娠	1193
蜗	1192
螭	1191
淄	1188
馅	1187
萼	1187
诠	1186
苞	1186
谑	1185
氖	1184
唧	1183
笆	1182
蚩	1179
谥	1178
燎	1177
掖	1176
寰	1175
馋	1175
黔	1175
壑	1175
蹋	1174
骁	1174
竣	1174
豢	1173
榄	1173
婵	1172
玺	1168
姗	1168
饬	1166
鹉	1161
偃	1160
唰	1160
涎	1159
呗	1158
麒	1157
跷	1155
嗷	1154
丕	1150
鼾	1149
阖	1145
撅	1143
渍	1142
僭	1140
臧	1140
炖	1139
筱	1136
噎	1136
缤	1134
瑕	1132
烬	1132
酪	1131
卯	1131
簌	1130
漉	1128
戌	1126
汶	1125
轲	1125
汛	1121
峦	1120
铐	1120
褶	1120
胭	1119
踵	1119
盅	1119
晾	1118
苯	1118
恙	1116
飒	1116
镯	1115
藕	1114
筏	1111
萱	1110
奂	1108
芥	1107
叁	1106
憬	1105
媛	1104
碘	1101
嗳	1100
彤	1099
邙	1098
酉	1097
兖	1097
茗	1096
沓	1094
嗟	1093
闾	1093
癞	1091
挝	1091
坯	1089
伫	1087
雒	1086
鹫	1086
锺	1085
荃	1085
挎	1083
铿	1083
飙	1081
蟋	1079
谧	1078
亘	1076
猥	1073
惆	1072
刽	1070
氟	1070
湍	1070
媲	1070
蔷	1070
璐	1068
稷	1066
嗫	1066
缄	1066
垛	1064
瘢	1063
蕙	1062
浒	1061
甥	1060
迳	1059
睑	1058
逵	1056
甬	1056
鳖	1055
祯	1055
汞	1053
诰	1051
恣	1051
旌	1048
珑	1047
梆	1044
湮	1042
捺	1042
斡	1042
螅	1042
胯	1041
喏	1041
螃	1041
蘸	1041
荔	1040
蚌	1039
瀛	1038
踊	1036
蟠	1036
皿	1035
隼	1035
痔	1035
贰	1035
荼	1034
芷	1034
傩	1032
泯	1032
徵	1032
蓟	1032
簪	1029
骰	1028
脐	1027
飓	1026
孺	1025
辘	1021
佚	1020
羚	1020
漕	1019
腱	1018
皋	1017
晁	1017
抠	1016
髅	1016
桦	1016
楔	1015
谄	1014
赡	1014
唷	1012
寐	1010
蜻	1009
椰	1009
疣	1008
嘭	1007
蟀	1005
篓	1004
泵	1003
崆	1003
蹒	1002
搪	999
玷	997
噼	996
卞	996
镀	995
鑫	994
琏	993
娓	992
犊	992
杳	992
闰	989
昙	989
踝	988
篆	988
呷	987
熹	986
缨	985
蓓	985
璞	984
坂	983
鹞	982
钾	982
谩	981
剁	981
瞑	980
佼	979
戾	978
噤	978
汕	978
赓	976
馍	976
嗥	975
谙	974
煜	974
塾	972
茉	971
髻	970
秸	969
泗	969
贲	969
袂	969
湃	968
迢	965
哞	964
淞	964
潞	963
煦	963
耷	962
婊	962
掰	961
涸	960
拄	960
鳃	960
盂	959
傣	957
虱	956
羲	955
欤	954
麝	954
喙	954
撸	953
徇	952
痞	950
匝	950
豺	949
躏	949
咂	949
锷	947
纣	946
夙	946
窿	944
诙	944
瞌	944
喟	943
荪	942
匍	941
坷	941
啬	941
潺	941
殡	941
岌	940
缮	939
澹	937
蛰	937
斛	934
嗬	934
锏	934
恫	933
蟆	933
町	932
骠	932
唏	929
绶	929
钡	928
卅	928
橹	928
胱	926
淇	926
螳	926
谀	925
鸯	925
皑	925
跻	924
擞	922
椿	922
篝	920
嘤	920
厩	919
嵇	918
腆	918
蛀	918
邬	917
恚	915
夔	914
辍	914
箓	913
咻	913
涓	913
轶	912
邃	911
跚	911
翱	910
嚏	910
曜	910
瞰	909
珥	909
岱	908
臼	908
眈	907
葆	907
猓	906
谆	906
籁	906
苻	906
扉	905
槌	905
箕	902
蔗	901
啾	900
腼	899
荤	899
剽	898
泾	897
酮	896
淖	896
锢	896
骧	896
雹	896
龛	896
恿	894
裆	893
獗	892
鹳	892
牒	891
焙	890
樟	890
痣	889
疵	887
檬	887
睽	886
熠	886
泞	884
蛹	884
蚯	884
畹	883
淬	882
罹	880
怆	880
飕	880
浣	878
鋆	876
銮	876
琥	876
桧	876
宸	875
啐	875
睐	874
沣	874
翦	874
颚	873
沅	870
镐	870
祛	868
斓	868
璜	868
庖	867
娲	867
咫	865
荟	865
僮	864
皎	863
昵	863
氦	862
罔	862
闩	862
溟	861
槟	861
缥	860
黜	858
靥	858
蛔	858
楣	858
囔	857
骋	857
忻	856
榈	856
阂	855
瘠	854
妍	854
橇	854
灸	853
噫	852
镁	852
杵	852
腌	851
儡	851
觐	851
耘	851
醮	850
焊	849
醺	848
黠	848
侗	846
舀	846
椋	846
窠	845
裨	845
癣	844
瘴	844
摞	844
耙	844
芍	844
龈	843
栾	843
捱	843
榕	843
睢	842
痘	842
绾	842
鬃	841
擢	841
獠	836
弈	836
蛆	835
谗	834
铛	833
邝	832
倌	832
圪	830
痫	830
酰	829
邕	829
啷	829
晔	827
渥	826
佗	825
睨	824
蜥	823
郸	822
孛	822
镌	822
鳗	822
痢	821
冁	820
秆	819
郅	818
嚅	818
胄	818
蝌	817
瘀	816
觊	816
蚪	814
饴	812
锹	812
暹	812
穑	811
糯	811
哂	810
掸	810
蛐	810
岖	809
蜓	809
蹩	808
疟	808
莓	806
谌	805
胛	805
岬	804
囤	802
糠	802
嬷	802
酗	800
汨	800
洵	799
蚣	799
氪	797
鳎	796
蜃	796
弑	795
孪	795
舐	795
棣	795
疱	794
峪	794
箩	793
炀	793
龇	792
阚	792
镂	791
盹	789
徨	789
郢	789
咣	789
袤	789
砥	788
嗐	788
蚓	788
荚	788
偈	787
氐	787
咛	785
愠	785
鄱	785
怏	784
淙	784
琊	784
馁	783
苓	783
涝	782
鹄	782
柠	782
濑	781
胫	780
芋	780
隽	779
璀	779
弋	778
燮	777
窈	776
泓	776
畿	775
鹭	775
衢	775
碴	774
瑁	774
筠	773
韭	773
龌	771
涿	771
戛	770
婀	770
臊	769
宓	768
豌	766
骊	766
蟑	766
宕	765
鲫	763
鲇	762
煊	761
罂	760
娩	759
铬	758
褴	756
蒯	756
谔	755
骈	755
洄	754
镣	753
箴	752
崂	752
妲	751
檄	751
沏	750
啵	748
汐	748
疽	748
鹗	748
纫	748
蒿	748
俦	747
殒	747
魇	747
幺	746
榭	746
蓿	745
粼	744
绺	744
诋	743
忑	743
迩	743
圩	743
琬	743
靼	742
藓	742
俚	741
饕	741
殁	741
仄	740
诳	737
牍	737
蠡	737
霭	736
掬	735
熵	735
懋	735
濂	733
锰	733
袈	731
婕	731
镭	730
皙	729
咝	727
斫	725
褛	725
臃	724
娑	723
匐	722
埂	722
歆	722
柑	722
榷	722
噙	721
犒	721
馐	720
孢	719
蓑	719
郦	717
霾	717
鸵	715
氲	714
鲲	714
叵	714
祚	713
鹑	712
滦	710
岷	710
啮	709
纭	708
恸	707
艮	707
娉	706
诿	705
扪	705
讫	704
滂	704
弁	703
谡	702
蛭	702
砧	701
莘	700
舫	699
啻	699
荨	699
辇	698
雉	698
冽	697
俑	697
椽	697
泸	696
钛	696
榔	695
诒	694
蕨	694
覃	691
揆	690
蟮	690
烯	689
翊	689
獾	688
摈	687
缙	687
鲈	687
姣	687
憩	687
嘹	686
钚	685
孀	684
洌	683
饨	683
纾	683
剐	682
浜	682
瘁	682
祐	681
缇	681
怵	680
烷	680
隍	680
粲	679
嶙	679
篙	678
沱	678
挞	677
猕	676
蹶	676
摁	675
赊	675
涮	674
铡	674
噘	673
鹂	672
刍	672
狻	671
鲑	671
牦	671
遛	670
耄	670
垠	667
蝮	666
坳	664
妫	664
樽	664
茁	664
奁	662
呓	662
箔	661
懔	661
钜	661
濡	660
阡	660
莒	660
谘	659
慵	659
蚱	659
犄	659
佞	658
铤	658
颧	658
熨	657
纨	657
剜	656
殓	655
邂	653
骛	653
槁	653
庑	652
诤	652
瞭	652
唑	652
辏	652
祉	651
猬	650
犟	650
胪	649
夯	649
馕	649
钰	649
妪	649
恁	648
荩	648
谝	647
榘	647
罄	647
仨	646
僖	646
靓	646
闱	646
簦	645
榛	645
宥	644
潢	644
饯	644
涔	643
寮	642
忤	642
泅	641
隗	640
墉	639
胴	639
蝈	639
砷	637
珞	636
鳅	636
獭	635
觥	635
鏖	635
荥	635
嘁	634
柚	634
菠	634
酚	633
倜	633
氤	633
淅	633
掇	633
蛳	633
繇	632
涞	632
峒	632
俅	631
嗑	631
邋	631
烨	631
燔	631
咿	630
旖	630
镍	630
霁	629
蚜	628
椤	628
鼐	627
辔	627
咤	626
峋	625
踮	624
拮	624
酯	623
庋	620
壹	620
癜	620
饽	620
迨	619
搽	619
蛎	619
谶	618
龊	618
偻	618
赳	618
槊	618
馄	617
媾	617
墒	616
啕	616
嗵	616
恽	616
铣	616
琰	616
嗝	615
飚	615
醯	614
榀	614
儆	612
哐	612
魑	611
遑	611
笞	610
嗲	610
來	610
苌	610
氰	609
馊	608
橐	607
燧	606
妤	606
莅	606
邈	605
缈	605
伲	604
闼	604
庠	603
懑	603
噔	602
抟	602
逅	602
杈	602
荻	602
馥	601
矾	601
馑	601
凃	600
劭	600
昕	600
昱	600
栎	600
蔫	600
呶	599
镕	599
庾	598
汜	598
迤	598
殇	598
柩	598
囿	597
忝	597
鳝	597
颦	596
镳	595
衮	595
苷	595
飧	594
腴	593
忸	593
蠹	593
谯	592
琨	592
觎	592
囫	591
飨	591
笏	590
鞯	590
爻	589
郏	589
凇	589
蜚	589
淼	589
饪	589
鋈	588
诜	587
鸢	587
蔺	587
觯	586
铳	586
麋	585
呲	585
湎	585
竦	584
肽	583
奘	583
芪	583
粑	582
膘	582
缫	582
臾	582
苫	582
荭	581
阗	580
趔	579
俪	578
滓	578
蜇	578
嘣	577
呦	576
栉	575
菟	575
藜	575
稹	573
佘	573
濠	573
膑	571
孱	571
佝	571
疸	571
虻	571
枸	571
箝	570
铩	570
霏	570
濯	569
蝼	569
乩	568
赝	568
祜	566
霰	566
谖	565
锨	565
盥	565
徭	564
肓	564
蛉	564
硼	563
倨	563
趺	563
鱿	563
埽	562
绉	562
詈	561
诨	561
虢	561
洹	561
锲	561
娣	561
楹	561
铰	560
泱	559
绻	559
淦	558
锃	558
晟	558
巽	558
桎	558
芩	558
呤	557
澧	557
浔	557
酆	557
羿	557
戡	556
蜴	555
诮	554
郧	554
渚	554
犷	553
魃	553
砺	552
纥	552
崴	552
讣	551
谪	551
摺	551
颀	551
垩	550
馗	549
绦	549
岫	549
搡	548
铂	547
遨	547
璨	547
眦	546
髭	545
卟	545
泷	545
铨	545
锟	545
轱	545
蹴	544
纰	544
粽	543
姘	543
榉	543
赭	542
罅	541
陂	541
诟	540
龅	540
伉	539
姹	539
鸬	538
瘙	538
撷	538
秣	537
诓	537
笥	537
翳	537
螨	537
碣	536
晗	536
鹌	535
箸	535
翕	535
痿	534
赧	533
诌	532
蹇	532
跸	532
咭	532
襁	532
舛	532
砭	531
汩	531
涪	530
鲱	530
怼	530
薨	530
窕	529
醴	529
愎	529
揄	529
羯	529
粕	528
鍪	528
钍	528
鹘	528
茯	528
锉	527
煨	527
梏	527
髡	526
戕	526
誊	526
聒	526
陲	526
鄢	525
郓	525
阕	525
闳	525
畦	524
肱	524
湟	524
竑	524
碜	523
钨	523
艄	523
衩	523
鲟	523
咩	522
艿	522
徜	521
噌	521
吒	521
峥	521
鸨	521
刈	520
逡	520
珏	520
麂	519
褡	519
臬	519
酢	518
玮	518
阈	518
媪	518
孳	517
馏	517
钹	517
夤	517
鸷	516
矍	515
裱	515
幄	514
讴	514
哙	514
潍	514
砒	513
谲	512
呔	512
驷	512
薏	512
沒	511
苁	511
芊	511
喑	510
闿	510
骞	509
俎	509
阏	509
猷	508
痨	508
肄	508
芨	508
弭	507
煲	507
爰	507
篾	507
铉	507
璎	507
氅	507
歙	507
厝	506
楫	506
稗	505
豕	505
钴	505
牝	505
衾	505
徕	504
掴	504
烩	504
骅	504
桠	504
啖	503
怩	503
赍	503
峁	503
樾	503
碛	502
圻	502
馔	502
趄	501
裟	501
揿	501
鹬	501
嵘	501
楂	501
茏	501
囡	500
逖	499
嗪	499
潸	499
甑	499
殚	499
錾	499
逋	498
孬	498
痤	497
炜	496
佥	496
傥	495
阄	495
苣	495
胝	494
滟	494
嵬	494
嶂	494
瓯	494
酊	493
砣	493
昶	493
揶	493
绌	493
杲	493
莆	493
鬣	492
渌	492
抻	492
帼	491
唁	491
铱	491
蠼	491
媸	491
黍	490
湫	490
發	490
螓	490
魍	489
遴	489
鼹	488
鸩	488
踅	488
颏	488
粳	487
洱	487
鎏	487
镏	487
舢	487
勖	487
薮	487
猗	486
沤	486
骓	486
獐	485
砝	485
竽	485
啶	485
鲛	485
鄯	485
闶	485
蚝	485
嬗	485
醛	484
羸	484
恂	484
悌	484
颢	484
苋	484
掼	483
缢	482
琮	482
棂	482
酩	481
硎	481
螫	481
珈	481
耦	481
耨	481
觞	480
痂	480
掾	480
骶	480
淝	479
钺	479
硒	478
舸	478
峤	478
脍	477
疥	477
轭	477
蜊	476
蚨	476
螟	476
橛	476
嗄	475
痈	475
炔	475
榫	475
笤	474
猊	473
讵	473
笕	473
噱	473
壅	473
礴	472
钤	472
阆	472
槿	472
俣	471
毂	471
荞	471
龃	470
矸	470
锂	470
阋	470
穰	469
掮	469
菏	469
苡	469
磬	468
涫	468
绡	468
轸	468
焓	466
蓖	466
鲧	465
浃	464
齑	464
瓤	464
玖	464
苜	464
謇	463
鹜	463
钏	463
蒺	463
舂	462
鲂	462
杼	462
乜	461
烃	461
莜	461
恹	460
缗	460
玳	460
笫	459
葭	459
圜	458
逶	458
龉	458
仃	458
氩	458
锴	458
蟪	458
頁	458
窣	457
畲	457
俳	457
啭	457
愆	457
匦	457
稔	456
屐	456
笮	456
瑭	456
姝	456
葺	456
赜	455
崧	455
挈	454
潆	454
焱	454
郯	454
岢	454
菀	454
靛	453
姒	453
槭	453
魉	452
箐	452
烊	452
诖	451
褓	451
衽	451
蛴	451
牯	451
泠	450
帑	450
茑	450
诂	449
诹	449
殛	449
芾	449
谠	448
蛩	448
炷	448
毖	448
碇	447
郛	447
忾	447
颛	447
刎	446
戬	446
曷	446
蚴	446
柞	446
樯	446
窸	445
饧	445
妗	445
鹧	444
唳	444
溴	444
镉	444
菖	444
饔	443
灏	443
鸪	443
婺	443
缂	443
岘	443
蛞	443
醚	442
磔	442
吡	442
崮	442
蠖	442
枰	442
睥	441
鬈	441
氚	441
旎	441
邳	441
阒	441
蛄	441
旮	440
蠲	440
凫	440
缟	440
鞣	440
犍	440
蘅	440
缦	439
焖	439
鲆	439
豬	438
踽	438
灞	438
鼋	438
遢	438
趿	437
钿	437
缁	437
鲶	437
颞	437
狎	436
缛	436
愍	436
槎	436
膻	435
遒	435
镫	435
镢	435
髋	435
娌	435
郴	435
茱	435
碚	434
臁	434
蹼	434
禳	434
浠	434
瘛	434
骜	434
羟	434
醪	433
佻	433
黩	433
虼	433
枋	433
苕	433
劬	432
挲	432
餍	432
鄣	432
莠	432
葩	431
芗	431
鲎	430
洙	430
鲢	430
髁	430
娆	430
讦	429
祇	429
铵	429
绀	429
芎	429
胍	428
哔	428
纡	428
糁	427
勐	427
笳	427
阍	427
嫠	427
芫	427
鬻	426
跏	426
鳏	426
鳕	426
狷	425
帏	425
廪	425
墀	425
擀	425
蟊	425
佰	424
彀	424
幹	424
厣	424
韪	424
嫱	424
睇	423
郗	423
屙	423
蠓	423
芏	423
龆	422
垭	422
坨	422
嘧	422
鹚	422
饫	422
钒	422
铆	422
裰	422
聩	422
菸	422
濉	421
桁	421
芄	421
藿	421
仞	420
洮	420
饩	420
缬	420
褫	420
鏊	420
眇	419
腚	419
侩	419
仟	419
踔	419
嘞	419
绔	419
菅	419
萸	419
蚧	418
妯	418
诔	417
垅	417
镒	417
鞫	417
杷	417
莴	417
勰	416
怄	416
澶	416
溧	416
锒	416
绱	416
囟	416
枇	416
矽	415
篑	415
嘌	415
掛	415
擤	415
笾	414
逄	414
痼	414
袢	414
珩	414
嵊	414
鸹	414
枳	414
讧	413
呋	413
撺	413
贽	413
锶	413
煅	413
黾	413
芡	413
縻	412
瞽	412
幂	412
跆	412
砉	412
蜍	412
蚋	412
樗	412
囵	411
祢	411
怫	411
亳	411
阌	411
桉	411
虺	410
囹	409
魈	409
腭	409
肼	409
傈	409
旯	409
朐	408
笪	408
簟	408
忪	408
滁	408
衿	408
卮	408
蜉	408
趸	407
堀	407
睚	407
侔	407
貉	407
箧	407
镊	407
裢	407
闫	407
荛	407
雎	406
侪	406
笸	406
悒	406
泫	406
汊	406
鳟	406
跎	405
黢	405
獒	405
阃	405
榧	405
牖	404
喁	404
渑	404
枥	404
庥	403
眙	403
佤	403
筮	403
嗍	403
餮	403
缶	403
罴	402
夥	402
堋	402
綦	402
糅	402
嗉	402
浯	402
馓	402
拊	402
镛	402
昀	402
峄	402
驽	402
倬	401
唿	401
蜢	401
螈	401
柘	401
佔	400
蟛	400
柢	400
茴	400
鸱	400
硌	399
腈	399
冼	399
氘	399
箅	399
渫	399
瘅	399
嘏	399
堇	399
鲐	399
岿	399
翀	399
栀	399
苎	399
醢	398
秕	398
寤	398
跬	398
咴	398
啫	398
泮	398
搿	398
裾	398
毽	398
袷	398
蚍	398
碓	397
倥	397
係	397
跞	397
跹	397
笊	397
鹕	397
舻	397
珐	397
瓞	397
髂	397
膈	396
铄	396
楮	396
郃	396
砩	395
矬	395
旃	395
艏	395
螯	395
苴	395
荏	395
帙	394
诎	394
圮	394
潴	394
溆	394
旆	394
瘘	394
锑	394
缒	394
桡	394
芰	394
雙	393
陟	393
椴	393
苄	393
刖	392
啁	392
悭	392
锕	392
熘	392
東	392
鹩	391
雠	391
疝	391
莸	391
稞	390
嗾	390
鲋	390
蛱	390
赅	390
砀	389
鼬	389
匏	389
怙	389
裣	389
崤	389
蠊	389
鹆	389
硷	388
疖	388
炝	388
籴	388
芟	388
硪	387
蹉	387
愀	387
沆	387
痍	387
鳊	387
蜮	387
蔻	387
苤	387
僳	386
跗	386
嗌	386
崾	386
崃	386
韫	386
薜	386
訇	385
獯	385
猢	385
醍	385
卣	385
踯	385
浞	385
瘿	385
艉	385
雱	385
畛	384
硐	384
胨	384
僦	384
锸	384
缯	384
鄄	384
嫒	384
獬	383
尕	383
埙	383
脲	383
徉	383
佶	383
怛	383
嬖	383
鼍	383
鞴	383
槲	383
谰	382
噻	382
涑	382
缃	382
乇	382
嵴	382
婧	382
粜	381
铧	381
狲	380
狯	380
畈	380
逦	380
笱	380
钪	380
晷	380
雲	380
圄	379
肫	379
膂	379
焐	379
鲅	379
榇	379
凼	378
锛	378
珲	378
猱	377
劢	377
盱	377
伧	377
觳	377
癯	377
鲮	377
昴	377
宄	376
笄	376
椁	376
伥	375
厍	375
砻	375
蛘	375
荠	375
塬	374
挹	374
鹨	374
轳	374
菽	374
葉	374
胗	373
倮	373
儋	373
氡	373
亓	373
捌	373
钼	373
鹁	373
锆	373
嚯	372
铖	372
鞒	372
鲠	372
郾	372
僅	371
锗	371
焯	371
隳	371
陉	371
麪	371
硗	370
虿	370
盍	370
肟	370
畚	370
週	370
嘬	370
裥	370
鲰	370
杓	370
枵	370
邨	369
垓	369
鬯	369
兕	369
黼	369
熳	369
檩	369
狍	368
龀	368
瓠	368
跣	368
赀	368
廠	367
诶	367
碡	367
鬟	367
澍	367
馃	367
锩	367
镧	367
缱	367
蛑	367
罘	366
鸫	366
孑	366
蹚	366
篪	366
绲	366
耪	366
嵯	366
茔	366
谇	365
聃	365
胼	364
呖	364
慊	364
镞	364
炅	364
戆	364
菔	364
菹	364
砗	363
鼙	363
唢	363
辚	363
萋	363
莼	363
傧	362
扦	362
铍	362
赉	362
戗	361
躅	361
洳	361
摭	361
鲀	361
楸	361
萘	361
蘩	361
诼	360
胂	360
钕	360
鲡	360
羰	360
嶝	360
蘖	360
堞	359
疃	358
篁	358
啉	358
钲	358
钋	358
蚬	358
镆	357
楝	357
芤	357
畀	356
呒	356
痱	356
鸶	356
楦	356
垡	355
缣	355
阊	355
骱	355
廛	354
偾	354
咁	354
脔	354
舨	354
迓	354
葎	354
瓴	354
窳	353
醣	353
黧	353
畋	353
痧	353
钣	353
羧	353
髑	353
崞	353
蜣	353
蛏	353
颎	353
葑	353
艽	353
帔	352
秫	352
逑	352
踟	352
喾	352
镔	352
鼗	352
驺	352
殄	352
蠛	352
甙	352
罟	351
硖	351
邰	351
蹰	351
麸	351
裎	351
髌	351
極	351
窀	350
欹	350
暝	350
暌	350
岵	350
骘	350
蓼	350
幛	349
肷	349
愦	349
钭	349
钎	349
镬	349
孥	349
薹	349
粝	348
溘	348
泔	348
鹈	348
裉	348
衄	348
曩	348
蚶	348
荽	348
圉	347
粢	347
箪	347
跫	347
旒	347
裼	347
嫘	347
酃	347
睃	346
脘	346
雞	346
皤	346
瀣	346
殳	346
莪	346
谵	345
胙	345
甯	345
髮	345
哌	345
鐾	345
疠	345
疴	345
钌	345
鳔	345
螬	345
蚰	345
罾	344
醵	344
隹	344
鹪	344
鄞	344
鳢	344
彘	344
旄	343
绨	343
蝽	343
虮	343
蕖	343
罱	342
锱	342
钫	342
衝	342
煳	342
玎	342
璁	342
尥	342
萑	342
窨	341
砹	341
螽	341
篦	341
悱	341
濞	341
捩	341
瑷	341
榱	341
磴	340
貔	340
跖	340
憷	340
褊	340
逯	340
辊	340
蘼	340
糗	339
麇	339
鳚	339
嵝	339
蝣	339
醐	338
肜	338
湔	338
癔	338
曛	338
猡	337
庀	337
逭	337
皴	337
筇	337
沖	337
钯	337
袼	337
艨	337
玢	337
髀	337
遄	337
轫	337
鹾	336
朊	336
蹀	336
敫	336
沔	336
泶	336
蛲	336
槔	336
蒌	336
犸	335
酽	335
浼	335
煙	335
鲔	335
苊	335
薅	335
窭	334
獍	334
祆	334
銎	334
嵛	334
樘	334
酐	333
喱	333
湓	333
捭	333
缡	333
迕	333
靈	333
藁	333
瞋	332
勝	332
砬	331
肭	331
搴	331
偬	331
準	331
鹱	331
舾	331
鲃	331
葚	331
莩	331
糇	330
褰	330
侉	330
篯	330
渖	330
铋	330
璩	330
鳙	330
芑	330
庹	329
籼	329
仫	329
肀	329
甾	329
漯	329
锊	329
岣	329
戥	329
杪	329
穸	328
酡	328
溏	328
铯	328
铒	328
鞔	328
鲚	328
醭	327
敉	327
豉	327
燹	327
哏	327
钇	327
锼	327
磙	326
祕	326
锜	326
钔	326
菘	326
炱	325
锿	325
骢	325
茭	325
垴	324
仡	324
鸺	324
疳	324
镗	324
炻	324
琚	324
砜	323
搠	323
陸	323
隰	323
馇	322
缧	322
鳇	322
刿	322
瓿	322
桤	322
菡	322
荸	322
鹮	321
溲	321
锝	321
艚	321
栌	321
谂	320
羼	320
仵	320
镅	320
煺	320
殍	320
鲷	320
嶷	320
葜	320
窬	319
硭	319
氙	319
吣	319
铑	319
蒴	319
窆	318
哿	318
筌	318
鸸	318
锍	318
蟥	318
橥	317
硇	317
鸲	317
佢	317
甓	317
鞲	317
苒	317
蒡	317
囧	316
喹	316
髟	315
跶	315
镓	315
艟	315
辂	315
爨	315
檠	315
邴	314
涠	314
葳	314
铙	313
锪	313
胩	312
淚	312
镄	312
眬	311
龢	311
遊	311
蕤	311
翥	309
幾	308
耒	308
躔	305
黥	305
術	305
谮	304
箬	304
唸	303
傑	302
訾	302
戢	301
樑	301
檑	301
襦	300
歃	299
瘌	298
潋	296
捲	296
纛	295
湊	295
蓍	295
徼	294
芈	294
杌	294
廢	293
謦	293
爿	293
滹	293
狴	292
眭	292
貅	292
玟	292
郜	292
疋	290
娈	290
搦	290
瑗	290
豐	290
嫫	290
殼	289
撐	289
糨	288
绐	288
殂	288
柰	288
犴	287
塗	287
沭	287
蕈	287
谳	286
坻	285
怿	285
耋	285
瑠	285
翮	285
牠	285
尻	284
骝	284
阼	284
棹	284
柒	283
撄	283
妳	283
欷	282
侑	282
悝	282
洇	282
燠	282
薑	282
坩	281
媵	281
徂	281
澌	281
洎	281
旰	281
廨	280
觇	280
缵	280
裒	280
妧	280
兇	279
採	279
镝	279
耧	279
崦	279
霪	279
轺	279
眚	278
喈	278
觚	277
貊	277
哓	277
怍	277
悛	277
剡	277
蓐	277
卺	276
昝	276
绂	276
蚺	276
柙	276
棰	276
栊	276
蒹	276
莳	276
幞	275
參	275
蠃	275
滏	275
瘗	275
锞	275
複	275
鬲	275
豳	275
嵫	275
遘	275
雩	275
蓊	275
秭	274
確	274
呙	274
粵	274
邾	274
髒	274
蝰	274
梃	274
茕	274
蕞	274
腩	273
伛	273
踣	273
祧	273
黻	273
骖	273
暾	273
颟	273
堠	272
壇	272
豸	272
仝	272
麈	272
悫	272
筅	272
缑	272
缍	272
轵	272
陬	272
蒽	272
帻	271
纔	271
臟	271
蹁	271
刳	271
哕	271
繫	271
骟	271
隈	271
桫	271
荑	271
埒	270
埸	270
糌	270
佾	270
泺	270
洧	270
攮	270
鲥	270
剀	270
赙	270
栲	270
栳	270
艹	270
荦	270
犰	269
塄	269
圬	269
郄	269
圯	269
壩	269
鹹	269
踬	269
忭	269
颃	269
瘳	269
贳	269
铗	269
耜	269
蛸	269
慝	269
妣	269
椟	269
艸	269
茌	269
荇	269
糞	268
屣	268
仳	268
郐	268
趑	268
趱	268
唣	268
哚	268
溷	268
擐	268
刭	268
颡	268
歷	268
晡	268
劓	268
習	268
陴	268
檎	268
柝	268
丌	268
蓥	268
蘧	268
邗	268
猞	267
坜	267
傢	267
簋	267
郫	267
嘆	267
惝	267
瀹	267
癀	267
疔	267
掎	267
絷	267
锔	267
镡	267
缌	267
骐	267
柽	267
葸	267
猁	266
酹	266
廑	266
砑	266
圹	266
氍	266
埴	266
垧	266
埭	266
屦	266
屍	266
箜	266
篚	266
叻	266
噍	266
災	266
悃	266
馘	266
瘐	266
拶	266
镪	266
缳	266
绁	266
鳐	266
昃	266
桴	266
萁	266
蓁	266
蓠	266
芘	266
狺	265
郇	265
扃	265
礅	265
眄	265
垆	265
堙	265
佈	265
髹	265
怃	265
觋	265
浍	265
溱	265
瘰	265
黟	265
撙	265
镩	265
憝	265
毳	265
珙	265
殪	265
蜩	265
贶	265
菰	265
蕻	265
狃	264
醜	264
酎	264
酤	264
坼	264
糍	264
龠	264
矧	264
佴	264
貘	264
髫	264
箨	264
筚	264
怳	264
觜	264
溽	264
揎	264
掊	264
觌	264
镟	264
铫	264
镥	264
艋	264
绗	264
舳	264
珉	264
骀	264
岙	264
岈	264
蝾	264
轹	264
牾	264
陔	264
舄	264
杩	264
茳	264
綮	263
戽	263
坫	263
埝	263
糈	263
皲	263
趵	263
跽	263
筲	263
篼	263
沩	263
兌	263
鹣	263
摅	263
瞀	263
揸	263
鲼	263
鲵	263
羝	263
彖	263
辋	263
柁	263
枘	263
栝	263
蔸	263
茛	263
茆	263
薤	263
荜	263
狳	262
醅	262
畎	262
戋	262
埕	262
孓	262
垲	262
脞	262
腠	262
仉	262
趼	262
籀	262
忉	262
祓	262
忮	262
淩	262
洫	262
滠	262
漭	262
瘊	262
疬	262
痦	262
瘼	262
挢	262
揠	262
镲	262
铊	262
纩	262
聱	262
襻	262
爝	262
珧	262
鲽	262
鳜	262
鹇	262
赆	262
蝤	262
蝻	262
觏	262
妁	262
阽	262
桷	262
檫	262
慾	262
桄	262
棼	262
瞢	262
毹	262
萆	262
蕺	262
莨	262
蒉	262
狁	261
帱	261
觖	261
坭	261
鼷	261
埤	261
坶	261
埏	261
儇	261
鬏	261
躐	261
躜	261
篌	261
箦	261
恧	261
禊	261
澉	261
淠	261
黉	261
漶	261
襞	261
汔	261
邡	261
檗	261
鲞	261
坌	261
瘵	261
擗	261
舴	261
绠	261
舡	261
骒	261
鳘	261
劂	261
赇	261
蠟	261
恥	261
汆	261
轾	261
楗	261
璺	261
枧	261
桿	261
甍	261
蔟	261
葶	261
猃	260
酾	260
酞	260
罨	260
酲	260
廒	260
弔	260
砘	260
碹	260
磲	260
甏	260
瞵	260
垸	260
垌	260
鼢	260
墁	260
眍	260
瞍	260
脬	260
塍	260
腧	260
豇	260
復	260
僬	260
氽	260
俜	260
毵	260
簏	260
岡	260
篥	260
邶	260
哳	260
潲	260
劁	260
溻	260
泐	260
桊	260
搌	260
黹	260
搛	260
揲	260
蝥	260
攉	260
镙	260
钐	260
锾	260
锬	260
褙	260
舯	260
缲	260
氆	260
舣	260
绋	260
鲭	260
耩	260
岜	260
屺	260
椠	260
陧	260
樨	260
椹	260
椐	260
枨	260
橼	260
柃	260
芴	260
蓰	260
薦	260
蒇	260
顸	260
蔌	260
酴	259
庳	259
稂	259
礓	259
堍	259
埚	259
眵	259
膣	259
㞎	259
鹛	259
臌	259
彳	259
冱	259
佧	259
傺	259
剞	259
鬆	259
尜	259
夼	259
蹯	259
箢	259
恝	259
筢	259
唪	259
唼	259
瀵	259
浈	259
滗	259
泖	259
氵	259
瘕	259
癍	259
瘥	259
癃	259
捃	259
钅	259
铴	259
钬	259
锇	259
镘	259
飑	259
墼	259
缋	259
驵	259
鲦	259
鲳	259
岽	259
蜞	259
赕	259
眢	259
蝓	259
艴	259
犋	259
颥	259
霈	259
榍	259
桕	259
萏	259
茼	259
茚	259
莛	259
茺	259
飆	258
國	258
鮑	258
獨	258
麼	258
乚	258
園	258
竄	258
竈	258
猸	258
幀	258
曶	258
囝	258
帳	258
竇	258
迮	258
圊	258
竅	258
圍	258
獵	258
圖	258
圓	258
皺	258
鄒	258
猶	258
勻	258
團	258
鮳	258
窯	258
鮮	258
獅	258
窩	258
魯	258
魚	258
窮	258
猹	258
獲	258
還	258
罰	258
廈	258
醑	258
廣	258
廚	258
羅	258
龝	258
眾	258
鷹	258
應	258
罷	258
稱	258
穩	258
積	258
稆	258
種	258
稅	258
罵	258
廟	258
庫	258
釀	258
買	258
廳	258
龐	258
廂	258
壘	258
疊	258
嬲	258
彌	258
張	258
強	258
駕	258
賀	258
谫	258
彈	258
異	258
讬	258
旡	258
顆	258
畢	258
砟	258
詞	258
啓	258
訊	258
誘	258
礦	258
譯	258
記	258
齒	258
謂	258
課	258
斷	258
齣	258
詩	258
麗	258
變	258
彎	258
戀	258
蠻	258
謎	258
論	258
謀	258
觸	258
觫	258
戶	258
砼	258
爾	258
誒	258
晉	258
誇	258
見	258
讀	258
這	258
調	258
請	258
誌	258
訓	258
誤	258
勁	258
頸	258
𰙤	258
誠	258
訪	258
誰	258
頓	258
顧	258
證	258
說	258
碼	258
認	258
譜	258
謙	258
討	258
惡	258
詠	258
註	258
亞	258
磚	258
訂	258
謹	258
計	258
讓	258
負	258
談	258
設	258
諸	258
訴	258
許	258
議	258
詳	258
託	258
戤	258
磉	258
語	258
譚	258
訣	258
講	258
識	258
話	258
碩	258
碲	258
該	258
試	258
謝	258
讚	258
齡	258
護	258
評	258
諾	258
縣	258
懸	258
堯	258
翹	258
塊	258
幫	258
垤	258
黃	258
臥	258
睜	258
埯	258
覽	258
監	258
遠	258
墚	258
墫	258
勢	258
熱	258
喪	258
瞞	258
墳	258
壞	258
農	258
鹽	258
達	258
臨	258
墊	258
執	258
報	258
堅	258
緊	258
腎	258
豎	258
賢	258
場	258
鼯	258
埘	258
瞆	258
頤	258
殺	258
綫	258
鹼	258
約	258
絨	258
類	258
纏	258
紀	258
細	258
繼	258
經	258
純	258
膽	258
編	258
繞	258
鵬	258
級	258
脒	258
絲	258
膦	258
縮	258
縱	258
纖	258
組	258
脹	258
緩	258
綺	258
繡	258
紗	258
綿	258
續	258
終	258
納	258
縫	258
屆	258
結	258
繳	258
線	258
網	258
綱	258
緯	258
綁	258
絡	258
腦	258
紅	258
紋	258
屬	258
維	258
遲	258
腫	258
層	258
絕	258
騰	258
紹	258
脫	258
絆	258
屢	258
貞	258
緒	258
糸	258
總	258
遙	258
練	258
糧	258
腸	258
腽	258
脈	258
粞	258
鄰	258
繩	258
織	258
膠	258
繆	258
緣	258
綠	258
須	258
胲	258
膩	258
腳	258
繪	258
臉	258
給	258
統	258
紙	258
亍	258
規	258
徑	258
賓	258
飛	258
龜	258
宀	258
從	258
憲	258
寢	258
宮	258
額	258
寧	258
鶴	258
鳥	258
憑	258
馮	258
實	258
資	258
軍	258
運	258
寶	258
審	258
矯	258
烏	258
島	258
賽	258
頭	258
寵	258
寫	258
凍	258
寬	258
徹	258
個	258
飽	258
饞	258
敘	258
餵	258
仂	258
倉	258
創	258
儲	258
餡	258
饒	258
儂	258
倫	258
鴨	258
館	258
餘	258
傘	258
條	258
俠	258
僞	258
債	258
偉	258
餅	258
併	258
傳	258
飲	258
備	258
側	258
飾	258
們	258
儀	258
傷	258
遜	258
孫	258
僑	258
餓	258
價	258
飯	258
優	258
億	258
貨	258
傾	258
貸	258
貓	258
倆	258
幣	258
慶	258
趨	258
長	258
畫	258
覓	258
氫	258
躞	258
塵	258
氣	258
態	258
蹤	258
愛	258
夾	258
夶	258
趙	258
叄	258
亂	258
辭	258
踺	258
爭	258
跡	258
奪	258
遼	258
贏	258
盡	258
厶	258
羍	258
爲	258
蹻	258
書	258
趕	258
贠	258
躍	258
壽	258
箇	258
狀	258
簾	258
賣	258
樂	258
筻	258
牆	258
籃	258
靚	258
靜	258
獎	258
醬	258
將	258
漿	258
聲	258
壺	258
筆	258
籌	258
裝	258
壯	258
築	258
剛	258
𡗗	258
筘	258
節	258
範	258
責	258
簡	258
鹎	258
內	258
韋	258
妝	258
籠	258
牀	258
簽	258
吳	258
吲	258
號	258
喚	258
噸	258
啞	258
嚇	258
噠	258
喲	258
鳴	258
嗚	258
嗆	258
嘯	258
唛	258
喫	258
吶	258
嗎	258
別	258
嘍	258
哜	258
噴	258
員	258
唄	258
噓	258
嚐	258
呂	258
嘔	258
雖	258
順	258
嚆	258
顫	258
畝	258
恆	258
牽	258
視	258
禮	258
離	258
憐	258
雜	258
慘	258
頻	258
歲	258
悅	258
慣	258
禪	258
懷	258
輩	258
貢	258
懶	258
彥	258
顏	258
產	258
禍	258
砦	258
憶	258
祿	258
項	258
邛	258
淺	258
溫	258
漁	258
澤	258
潛	258
漲	258
溼	258
灣	258
灑	258
沵	258
滬	258
澆	258
濫	258
濃	258
濱	258
瀉	258
滄	258
淨	258
濤	258
進	258
淵	258
洚	258
潔	258
況	258
鴻	258
減	258
滅	258
潑	258
澀	258
濟	258
盜	258
漢	258
灘	258
滿	258
涼	258
滾	258
漸	258
濺	258
測	258
沲	258
潤	258
瀾	258
隻	258
湯	258
盪	258
燙	258
決	258
溝	258
滯	258
颒	258
動	258
鄭	258
痖	258
騙	258
爺	258
馳	258
點	258
鄧	258
瘃	258
騎	258
黪	258
駿	258
頌	258
駱	258
馬	258
勳	258
貧	258
駐	258
疰	258
並	258
瘋	258
貫	258
驢	258
癢	258
騷	258
數	258
婁	258
導	258
驅	258
癡	258
瘖	258
頗	258
癮	258
郵	258
驗	258
擴	258
擇	258
擺	258
掭	258
換	258
擔	258
撓	258
攬	258
搖	258
擰	258
揮	258
搗	258
搶	258
摻	258
掙	258
齋	258
擡	258
損	258
擁	258
撥	258
劑	258
摟	258
擠	258
撲	258
攤	258
齊	258
撈	258
扌	258
擋	258
據	258
擱	258
業	258
對	258
攔	258
撫	258
叢	258
務	258
揀	258
揚	258
攜	258
拋	258
摳	258
攝	258
掃	258
擬	258
擾	258
揞	258
預	258
攢	258
攪	258
撿	258
铟	258
載	258
協	258
獸	258
專	258
戰	258
單	258
钶	258
顛	258
铌	258
讆	258
锖	258
躗	258
衛	258
铞	258
難	258
铈	258
镨	258
钸	258
镦	258
铘	258
锎	258
嚴	258
钽	258
韓	258
锠	258
铼	258
锓	258
镱	258
頂	258
锫	258
𫟷	258
铪	258
镎	258
锘	258
裡	258
裏	258
輔	258
補	258
褲	258
車	258
鳳	258
輕	258
艦	258
輪	258
缏	258
艙	258
連	258
擊	258
輯	258
軌	258
較	258
轉	258
軟	258
轟	258
盤	258
斬	258
暫	258
風	258
軸	258
䌷	258
舭	258
襯	258
輸	258
軒	258
绬	258
輛	258
賤	258
敗	258
賊	258
貝	258
𤆵	258
環	258
煥	258
瓊	258
現	258
賦	258
燒	258
貼	258
瑤	258
盃	258
賬	258
丟	258
煒	258
瑋	258
贈	258
則	258
燈	258
瑪	258
賺	258
響	258
鄉	258
財	258
燉	258
勞	258
營	258
瑩	258
榮	258
賭	258
嬰	258
爐	258
炘	258
燦	258
爛	258
烀	258
賜	258
販	258
購	258
劉	258
煩	258
賠	258
燁	258
殘	258
閆	258
盧	258
辦	258
當	258
鬥	258
關	258
辯	258
閻	258
開	258
鲄	258
骣	258
脣	258
閒	258
戲	258
骔	258
鲩	258
閥	258
閘	258
劇	258
閃	258
鲒	258
處	258
鲻	258
閣	258
問	258
鬧	258
閔	258
悶	258
門	258
虧	258
闊	258
黨	258
閱	258
闖	258
鲣	258
養	258
虛	258
閉	258
賞	258
質	258
鳆	258
骍	258
義	258
獻	258
無	258
間	258
閩	258
聞	258
耱	258
賴	258
釋	258
耔	258
衆	258
喬	258
奧	258
巯	258
鵝	258
帥	258
師	258
歸	258
耠	258
顯	258
曬	258
鼂	258
岍	258
曉	258
體	258
時	258
題	258
獃	258
豈	258
暈	258
暉	258
凱	258
暢	258
峽	258
遷	258
願	258
峯	258
豔	258
崗	258
過	258
飄	258
嵐	258
賈	258
曏	258
遞	258
厭	258
壓	258
覀	258
厲	258
嶺	258
邊	258
蜾	258
齄	258
聯	258
蚵	258
蝦	258
蟓	258
聍	258
醫	258
蝳	258
蜱	258
歐	258
區	258
聖	258
匯	258
耵	258
貴	258
遺	258
聽	258
聰	258
𱏱	258
鄹	258
螵	258
夠	258
選	258
蟲	258
聶	258
𮹝	258
職	258
螋	258
錢	258
鈕	258
鈞	258
釣	258
穎	258
鈣	258
婭	258
錏	258
鑑	258
鉤	258
鈒	258
彙	258
輝	258
鉀	258
銷	258
鈦	258
鎖	258
鍵	258
釒	258
錦	258
鑄	258
銅	258
鈉	258
鋒	258
鋼	258
錶	258
錍	258
娛	258
釦	258
鋁	258
韻	258
釭	258
憂	258
尋	258
颕	258
剝	258
鍾	258
黴	258
鋭	258
銳	258
媽	258
鐵	258
釘	258
鎮	258
銀	258
欽	258
針	258
錯	258
鏈	258
鑲	258
鉛	258
鈺	258
鎂	258
鋅	258
嬌	258
胬	258
羣	258
鍊	258
鎚	258
錫	258
鍋	258
銘	258
鉅	258
鎳	258
婦	258
錄	258
奻	258
嫜	258
鏡	258
鈚	258
鐘	258
鑽	258
鈴	258
製	258
阢	258
犏	258
龘	258
龔	258
襲	258
辁	258
隱	258
敵	258
適	258
競	258
靣	258
墜	258
隊	258
際	258
貳	258
霧	258
隨	258
陣	258
費	258
贊	258
電	258
陽	258
階	258
牿	258
親	258
陳	258
陰	258
險	258
紮	258
冊	258
槠	258
譽	258
與	258
舉	258
機	258
棲	258
覺	258
學	258
橫	258
樹	258
毀	258
槍	258
鶆	258
麥	258
枞	258
興	258
楱	258
樁	258
棗	258
刪	258
樓	258
楓	258
櫻	258
檔	258
樣	258
欄	258
橋	258
楊	258
標	258
構	258
櫃	258
卻	258
柫	258
棟	258
檢	258
權	258
蘇	258
萜	258
會	258
荬	258
貪	258
夢	258
邁	258
萬	258
鹋	258
茲	258
莖	258
荊	258
華	258
驚	258
蓋	258
藍	258
藝	258
蘊	258
蕦	258
帶	258
菪	258
葷	258
蒼	258
叆	258
蕭	258
菴	258
領	258
蔣	258
莊	258
苘	258
兩	258
蕹	258
茈	258
劐	258
舊	258
菝	258
劍	258
勸	258
觀	258
歡	258
茇	258
棄	258
蓮	258
蘭	258
蔥	258
苈	258
薷	258
薩	258
萊	258
猋	257
峱	257
狨	257
狥	257
狖	257
囷	257
圐	257
黁	257
𬸚	257
㹢	257
𰻝	257
卐	257
狝	257
𬢊	257
囸	257
𤞤	257
㹴	257
乛	257
玃	257
𡥆	257
厾	257
胷	257
窅	257
𡚽	257
幈	257
𠃓	257
㫚	257
𥥷	257
𤞶	257
帵	257
犼	257
卍	257
乆	257
圂	257
囮	257
猨	257
𥧔	257
帩	257
𥤶	257
狌	257
㘥	257
猺	257
狛	257
㹧	257
窾	257
猰	257
勹	257
囗	257
𡆠	257
迴	257
麿	257
幧	257
廻	257
勼	257
劘	257
𱊊	257
囥	257
烝	257
氶	257
帨	257
圀	257
狓	257
匄	257
圙	257
帡	257
乄	257
窎	257
攵	257
攴	257
蝨	257
犭	257
猄	257
禸	257
狉	257
𫛭	257
囯	257
犽	257
窊	257
猇	257
兎	257
㹭	257
圌	257
猯	257
幖	257
獕	257
猂	257
囙	257
㤙	257
炰	257
㺢	257
𲄗	257
𰡘	257
㺄	257
幪	257
獴	257
𱮒	257
醡	257
醆	257
醾	257
醄	257
𱊬	257
酺	257
罳	257
廙	257
翾	257
廆	257
稑	257
庱	257
庤	257
酏	257
秾	257
𬪩	257
稌	257
黐	257
盉	257
鄘	257
稃	257
罦	257
䅟	257
鄌	257
広	257
醃	257
罥	257
醨	257
遝	257
酦	257
穟	257
穄	257
𬷕	257
穙	257
稙	257
𫷷	257
䗪	257
酕	257
𱂩	257
罶	257
禿	257
鹙	257
甃	257
罒	257
醊	257
馝	257
馚	257
馞	257
罽	257
岊	257
馧	257
醌	257
秬	257
鹒	257
醁	257
庼	257
穜	257
醽	257
廋	257
𫍢	257
畇	257
颙	257
弝	257
𫍽	257
𰵩	257
𭚦	257
𰵝	257
𤲶	257
𪟧	257
纍	257
𱊳	257
罍	257
㽒	257
𱰾	257
𰣊	257
𬣡	257
𬣙	257
谞	257
讻	257
畤	257
𫍙	257
𰵴	257
弸	257
𬣞	257
畯	257
𫠣	257
𫍣	257
诇	257
𰵧	257
诪	257
𰵤	257
𬤨	257
勥	257
㤅	257
𫍯	257
𰵦	257
弢	257
彅	257
弨	257
讱	257
诐	257
𰵞	257
𮙋	257
𬤝	257
𬣳	257
䜩	257
弶	257
炁	257
𫍟	257
畖	257
䜣	257
弪	257
𬤊	257
𬤇	257
𫸩	257
畊	257
𰵼	257
疁	257
㚻	257
讠	257
𤱙	257
𫍲	257
攷	257
礳	257
䏿	257
硿	257
刬	257
䴓	257
棨	257
𫜨	257
𭄹	257
畺	257
碨	257
𭑵	257
𥕢	257
砳	257
硊	257
碥	257
揅	257
磈	257
𱌮	257
𮯙	257
砢	257
硵	257
𱟛	257
㧀	257
扂	257
磡	257
觟	257
砆	257
觭	257
䃰	257
觿	257
丏	257
𫠡	257
𬹼	257
砠	257
丅	257
磎	257
𬺈	257
𫌨	257
𱳪	257
𤯔	257
奣	257
䃎	257
郪	257
皕	257
𤾩	257
碃	257
夐	257
㓦	257
碶	257
𠷡	257
𢘑	257
剚	257
𠮛	257
𥖨	257
𱥂	257
𪿖	257
𬒔	257
矼	257
迍	257
𲍭	257
䃅	257
𬒗	257
磜	257
磏	257
砯	257
硠	257
砫	257
鄑	257
矴	257
硍	257
𥔲	257
硔	257
碏	257
邘	257
扆	257
卼	257
豗	257
扊	257
爕	257
𪨇	257
𥖄	257
龂	257
龁	257
矻	257
礃	257
磻	257
硚	257
硁	257
硃	257
硙	257
厃	257
甦	257
磹	257
𬱟	257
砄	257
奡	257
扅	257
疌	257
𬸅	257
礌	257
𮙊	257
硋	257
礵	257
砵	257
臽	257
鹐	257
欿	257
𫠜	257
燄	257
𬺓	257
礞	257
礤	257
碈	257
𫭪	257
𥄨	257
盷	257
埪	257
堌	257
䴗	257
睏	257
堽	257
垿	257
𡐓	257
堺	257
𱖒	257
埆	257
墕	257
坉	257
鼫	257
垝	257
𡎚	257
眜	257
垚	257
鼩	257
𨟠	257
刲	257
睖	257
堎	257
堼	257
睎	257
邽	257
垰	257
瞇	257
黇	257
墈	257
鬽	257
䁖	257
𪣻	257
塚	257
眰	257
睆	257
垞	257
鼧	257
垵	257
𭎂	257
坥	257
睺	257
乂	257
塽	257
埼	257
睄	257
埇	257
垺	257
墋	257
垯	257
朅	257
垏	257
鿃	257
垱	257
弆	257
鑒	257
𪣝	257
垇	257
坰	257
𠙶	257
鿍	257
堾	257
鍳	257
囍	257
垎	257
堧	257
𪾢	257
憙	257
嚭	257
𠄏	257
𡒄	257
堩	257
𡍷	257
㘰	257
埗	257
塆	257
魋	257
雊	257
魆	257
𫮃	257
盻	257
堘	257
塕	257
𫭢	257
坋	257
壎	257
坢	257
𡌶	257
圲	257
埵	257
塅	257
䀦	257
㙟	257
埌	257
墣	257
邿	257
㘵	257
瓻	257
圢	257
殽	257
𱗩	257
墐	257
堶	257
乸	257
塨	257
鼥	257
墘	257
埻	257
眊	257
赯	257
𥉳	257
赩	257
赪	257
鼟	257
睒	257
埮	257
盩	257
坬	257
墡	257
埫	257
垟	257
圫	257
墦	257
𱖎	257
墺	257
㙍	257
𬑗	257
壴	257
堨	257
疍	257
堐	257
塥	257
瞫	257
㙘	257
壜	257
垾	257
𫭟	257
垍	257
垙	257
𪤗	257
睩	257
塝	257
塮	257
𥇢	257
堄	257
堉	257
𫭼	257
矇	257
𱖇	257
坽	257
塃	257
䐃	257
鹵	257
𠧚	257
腘	257
屄	257
脷	257
𮉫	257
膙	257
粿	257
脃	257
𫯝	257
𦠿	257
裻	257
㞗	257
糄	257
臞	257
胠	257
郿	257
脎	257
朤	257
𮸽	257
腒	257
颣	257
𦝼	257
𱹍	257
脰	257
㞞	257
腙	257
𪨗	257
𪨊	257
㞘	257
𢒉	257
𡰦	257
朘	257
脟	257
䐛	257
迌	257
朒	257
脿	257
屌	257
敁	257
臘	257
𬖋	257
脶	257
𫧯	257
𮉨	257
侖	257
𮉬	257
螱	257
䏡	257
𫵘	257
朏	257
䏝	257
碁	257
縢	257
䲢	257
螣	257
𬂉	257
𮉯	257
惎	257
籾	257
肸	257
叚	257
䏲	257
𦙶	257
鸤	257
𱊌	257
臋	257
糒	257
胈	257
脝	257
𪾔	257
媭	257
朓	257
彡	257
胣	257
籺	257
脢	257
膍	257
膰	257
膇	257
腨	257
膗	257
𬖞	257
腯	257
逴	257
粄	257
紬	257
屃	257
翷	257
𮉪	257
粔	257
籹	257
𬂁	257
肶	257
粃	257
朣	257
膪	257
臑	257
脦	257
臜	257
円	257
𥻗	257
𦛨	257
𰪿	257
膵	257
𮉧	257
冫	257
戭	257
寁	257
宧	257
凘	257
冖	257
鹡	257
𰃷	257
徯	257
徛	257
徃	257
寀	257
凊	257
𱏿	257
鬶	257
冮	257
𰷥	257
𱞍	257
宬	257
隺	257
㕠	257
矰	257
剅	257
冸	257
䜺	257
冴	257
𪞝	257
禦	257
寔	257
凓	257
弿	257
𬸣	257
鹓	257
𫛩	257
𱂨	257
鞌	257
彿	257
冧	257
矱	257
貍	257
𡦀	257
儳	257
畬	257
傭	257
㙦	257
悆	257
偢	257
僽	257
侂	257
㑩	257
偲	257
饑	257
丄	257
貆	257
佹	257
㑇	257
僙	257
佉	257
怹	257
豨	257
俙	257
倖	257
侷	257
俶	257
偓	257
僝	257
伋	257
偡	257
豭	257
伬	257
伕	257
倧	257
䝋	257
傕	257
佽	257
侘	257
剉	257
孖	257
伱	257
脩	257
倐	257
𱇱	257
翛	257
仌	257
飤	257
佺	257
傒	257
𫣊	257
𠉂	257
偁	257
佁	257
倷	257
倴	257
儦	257
𰁸	257
尒	257
曱	257
傃	257
儓	257
偰	257
偆	257
俵	257
伣	257
諐	257
伭	257
倅	257
㑊	257
佖	257
伈	257
㑺	257
傚	257
儁	257
僔	257
𫢸	257
僜	257
侻	257
𫲦	257
俤	257
倕	257
俍	257
僕	257
傎	257
佷	257
儾	257
豮	257
倞	257
飢	257
儴	257
𠇔	257
侜	257
亻	257
伾	257
𱎼	257
倓	257
丨	257
亅	257
傉	257
𰂎	257
佀	257
侹	257
偊	257
𠊎	257
偍	257
傝	257
䝙	257
俫	257
㑌	257
僎	257
倻	257
儗	257
僇	257
㚢	257
鸧	257
佸	257
翈	257
伡	257
垈	257
偭	257
侁	257
偐	257
牮	257
儚	257
伻	257
爫	257
嫳	257
㡀	257
夿	257
踒	257
𱰛	257
劃	257
赲	257
臝	257
谿	257
奭	257
気	257
跱	257
攲	257
跼	257
䯼	257
鬁	257
䰀	257
踧	257
髢	257
鬚	257
髽	257
鬍	257
鬌	257
鬒	257
蹍	257
鬐	257
鬎	257
鬘	257
𨛍	257
蹐	257
蹜	257
欸	257
𣭲	257
趖	257
𮱡	257
踦	257
𡘙	257
𡮐	257
麤	257
尛	257
蹽	257
甡	257
踳	257
𬧀	257
枲	257
跐	257
𢖿	257
躃	257
𡗜	257
鹔	257
昚	257
跰	257
𨃅	257
𧿹	257
踖	257
蹾	257
麖	257
蹓	257
跂	257
奅	257
跅	257
㝹	257
氕	257
飖	257
跩	257
踶	257
赸	257
奆	257
奓	257
麀	257
趯	257
㓥	257
𱉻	257
鄜	257
蹢	257
奤	257
𱚦	257
麑	257
蹅	257
䟡	257
𨚕	257
癿	257
簠	257
簃	257
辶	257
篛	257
𥯨	257
畠	257
簷	257
箑	257
筀	257
籰	257
𦊞	257
彫	257
牁	257
䎃	257
簖	257
靘	257
笘	257
籐	257
䴖	257
籥	257
箙	257
壸	257
穀	257
榖	257
縠	257
𬆮	257
筦	257
籤	257
篠	257
夂	257
皭	257
𥮾	257
簝	257
筜	257
籝	257
麹	257
夆	257
皞	257
𪎊	257
皛	257
簰	257
皦	257
凵	257
冂	257
劼	257
臺	257
喆	257
筥	257
筼	257
𬕂	257
𫜩	257
䂮	257
絜	257
冏	257
毐	257
㛃	257
筤	257
焘	257
䇽	257
惷	257
憃	257
丬	257
笹	257
皁	257
簑	257
𱸥	257
簕	257
皃	257
皝	257
筭	257
籧	257
斨	257
牂	257
𮆏	257
篅	257
𪟝	257
螀	257
囘	257
箒	257
㿠	257
笯	257
篨	257
簉	257
筶	257
箖	257
𱸇	257
笭	257
劄	257
嘢	257
啯	257
噉	257
嚃	257
嚟	257
嗻	257
啰	257
巛	257
噆	257
鸮	257
啛	257
呝	257
𫫇	257
𠰴	257
咺	257
喼	257
啗	257
㘗	257
哋	257
呴	257
啈	257
吔	257
呎	257
耏	257
咥	257
嘚	257
𠲎	257
嗰	257
𫩛	257
觃	257
𪯡	257
㕥	257
喰	257
喺	257
吪	257
咍	257
唵	257
𪠽	257
唗	257
啲	257
哃	257
咉	257
嘒	257
喤	257
𠳐	257
㖞	257
嗈	257
呌	257
咇	257
唝	257
唦	257
氹	257
噂	257
啴	257
嗞	257
㕮	257
嚜	257
吖	257
咲	257
嘦	257
嗛	257
吋	257
㗑	257
唞	257
咑	257
𠵆	257
嘅	257
哱	257
吰	257
嚥	257
咗	257
呣	257
唶	257
喿	257
氉	257
𠲖	257
㗒	257
喨	257
吥	257
㗏	257
嚡	257
咷	257
哢	257
嘡	257
嚱	257
哖	257
嘑	257
㘎	257
𰇣	257
噃	257
咮	257
呾	257
啱	257
喎	257
嗮	257
喓	257
咠	257
咡	257
𫪘	257
𫪁	257
噀	257
卬	257
㖊	257
噷	257
吚	257
噇	257
嗙	257
吽	257
喭	257
㘄	257
槑	257
囌	257
嗱	257
噏	257
唡	257
嚄	257
呯	257
嗼	257
恟	257
亶	257
邅	257
鹯	257
悾	257
悈	257
懁	257
禟	257
愽	257
禤	257
憯	257
巭	257
𠅤	257
禩	257
祼	257
㚽	257
悽	257
愊	257
忳	257
祏	257
憺	257
㤘	257
赟	257
𨭉	257
惼	257
訄	257
㥄	257
祾	257
悕	257
祂	257
忣	257
怗	257
禥	257
愃	257
悰	257
𢙐	257
㤞	257
𱘩	257
𲍿	257
鹀	257
𤭢	257
憭	257
慆	257
㐎	257
懆	257
惢	257
橤	257
忞	257
恔	257
慽	257
祊	257
剕	257
憕	257
惓	257
怊	257
憏	257
忨	257
悢	257
禛	257
慬	257
忺	257
慠	257
惇	257
憱	257
迒	257
惔	257
祋	257
愭	257
礻	257
虓	257
祃	257
禚	257
亠	257
㤭	257
䄉	257
惙	257
邲	257
愒	257
𰨖	257
禔	257
禋	257
禵	257
慓	257
恓	257
慄	257
怞	257
恇	257
眥	257
祲	257
禒	257
胔	257
𪉈	257
啙	257
𫚖	257
㱔	257
姕	257
愔	257
忄	257
禘	257
㤥	257
慥	257
愐	257
亹	257
棐	257
㥏	257
祎	257
惗	257
懞	257
懽	257
惛	257
𣵦	257
汈	257
淴	257
𬍡	257
沕	257
浬	257
汋	257
汱	257
𬇹	257
瀺	257
瀍	257
澴	257
𡏋	257
𣸤	257
浰	257
瀱	257
屮	257
泇	257
漒	257
潩	257
沺	257
𣲘	257
澥	257
㞢	257
淒	257
𬇞	257
觱	257
𱂱	257
漹	257
𬇕	257
溍	257
浭	257
洈	257
㴔	257
汧	257
灈	257
湑	257
泃	257
𣱾	257
䴔	257
滷	257
慼	257
𫖹	257
淜	257
洣	257
沢	257
浕	257
澱	257
潾	257
溇	257
𬒈	257
敩	257
滘	257
鸴	257
浤	257
峃	257
瀽	257
涴	257
洑	257
沴	257
浟	257
滫	257
鹢	257
氼	257
洢	257
㶉	257
汏	257
湲	257
涘	257
㳠	257
洿	257
㶁	257
沇	257
瀌	257
躄	257
瀞	257
瀔	257
汭	257
浲	257
雋	257
泂	257
浵	257
澨	257
𠩃	257
䢺	257
澔	257
浥	257
洏	257
㴩	257
呇	257
涢	257
滀	257
灕	257
渋	257
沚	257
氿	257
汍	257
𭱊	257
澭	257
泚	257
湉	257
滍	257
滧	257
洨	257
堃	257
㵘	257
㳚	257
澼	257
沝	257
犨	257
浉	257
𣱼	257
㳇	257
潶	257
滃	257
涚	257
漈	257
涊	257
潽	257
湴	257
洴	257
䴙	257
滪	257
潏	257
潵	257
溹	257
浡	257
𣸣	257
沨	257
滈	257
漷	257
瀼	257
汎	257
渟	257
湻	257
洘	257
漖	257
涍	257
潖	257
垽	257
滮	257
𬸦	257
斿	257
澽	257
渼	257
旓	257
溠	257
旞	257
瀁	257
旐	257
旂	257
㵲	257
澛	257
泆	257
涐	257
溞	257
洩	257
溦	257
澂	257
涄	257
淏	257
湜	257
漴	257
滆	257
灧	257
漼	257
㵐	257
滉	257
𬇙	257
汫	257
洺	257
滙	257
洭	257
湣	257
洸	257
漻	257
湪	257
氾	257
沘	257
湝	257
漋	257
溵	257
浐	257
澪	257
澐	257
潟	257
洓	257
淟	257
𣲗	257
濋	257
漤	257
浛	257
芔	257
淯	257
濛	257
溁	257
㽏	257
瑬	257
潝	257
渰	257
淽	257
濩	257
泙	257
泜	257
㳘	257
沄	257
溚	257
痄	257
䎖	257
鄫	257
痐	257
疒	257
瘝	257
馎	257
𠡦	257
刂	257
戣	257
黵	257
詧	257
馌	257
痁	257
𬲽	257
劵	257
𬳇	257
饾	257
痓	257
癥	257
𬲱	257
疭	257
瘆	257
痠	257
馂	257
鹟	257
𮩞	257
瘈	257
痺	257
𤺥	257
饹	257
疻	257
卲	257
𫗴	257
痃	257
疘	257
愬	257
饳	257
𩠍	257
攽	257
亖	257
𲋤	257
𢪘	257
邠	257
𫗫	257
㠮	257
饤	257
痏	257
瘄	257
饻	257
疢	257
刓	257
饣	257
𱃱	257
饦	257
𫗧	257
𫗰	257
毌	257
𮩝	257
馉	257
瘭	257
亾	257
𱃺	257
癗	257
痾	257
痎	257
臿	257
癒	257
饸	257
剏	257
搾	257
拃	257
撖	257
揌	257
丶	257
乀	257
抦	257
扽	257
捄	257
搢	257
挜	257
扤	257
𫼝	257
搕	257
𢫬	257
撚	257
拤	257
挊	257
揕	257
抈	257
搳	257
揢	257
搉	257
捯	257
挓	257
㩟	257
掹	257
捨	257
𱟻	257
挼	257
㨄	257
揳	257
摏	257
揹	257
摛	257
抃	257
掯	257
捽	257
抆	257
揻	257
㩳	257
㧟	257
刌	257
抏	257
㧑	257
掱	257
抙	257
𢪒	257
𭣇	257
塱	257
㮾	257
撴	257
㨃	257
抔	257
兡	257
𢱉	257
㧯	257
剋	257
兝	257
兛	257
兙	257
兞	257
掞	257
兣	257
挵	257
龵	257
斲	257
晢	257
抶	257
䀇	257
遹	257
矞	257
劀	257
氄	257
揦	257
扠	257
搥	257
㧐	257
搰	257
揾	257
摽	257
抇	257
搋	257
鋬	257
𫛞	257
挦	257
搒	257
擿	257
擩	257
摴	257
㧥	257
捵	257
搇	257
扞	257
扺	257
擖	257
钆	257
钖	257
胾	257
勚	257
镵	257
镮	257
𰽚	257
镈	257
塈	257
剸	257
𬶨	257
𨱇	257
𰽗	257
钘	257
铏	257
䦆	257
𫓯	257
𨱑	257
𬭳	257
嚚	257
毑	257
𬬻	257
𫓹	257
𬭸	257
疐	257
𫓧	257
铚	257
斝	257
𬭎	257
𫓩	257
㝀	257
𬬺	257
𬭤	257
𬬰	257
𬭯	257
𬬮	257
𫟼	257
𰽴	257
厷	257
翃	257
辻	257
衕	257
𬭬	257
冇	257
𬭣	257
锽	257
镴	257
𫓶	257
懃	257
喌	257
衒	257
𬭛	257
䥽	257
𨱔	257
镃	257
𬭶	257
𬭼	257
𬭩	257
𰾫	257
𬬿	257
𬬭	257
䢼	257
𰽼	257
衚	257
鸻	257
𨱍	257
镤	257
𫔎	257
衠	257
铕	257
𬭁	257
衖	257
𫟹	257
𬭚	257
𬬱	257
镋	257
𰽽	257
铥	257
鼒	257
𫔍	257
犮	257
𬭨	257
镚	257
𬬹	257
铻	257
剒	257
锧	257
𬭍	257
钷	257
堲	257
镠	257
铷	257
𲈗	257
铦	257
𬬫	257
𬬩	257
铽	257
𬣀	257
𬭊	257
𬬸	257
铹	257
衎	257
锳	257
铓	257
䦃	257
𨱏	257
𬘡	257
艃	257
绹	257
舥	257
褯	257
𧝁	257
纼	257
𫄶	257
𫄥	257
襜	257
謷	257
飏	257
飔	257
袿	257
飐	257
袪	257
飗	257
褀	257
纻	257
裋	257
𬙂	257
绖	257
𬘫	257
𬘘	257
裈	257
艅	257
袗	257
亸	257
衤	257
勍	257
襫	257
褦	257
裌	257
𰬪	257
𫄤	257
𦈠	257
袴	257
毪	257
𬘬	257
䌹	257
袺	257
𮖱	257
缐	257
艎	257
𫌀	257
裛	257
𬘓	257
𬘵	257
毴	257
凪	257
褝	257
袯	257
䙆	257
舠	257
𬙊	257
襚	257
𤯦	257
𫄸	257
褎	257
鸼	257
襆	257
褏	257
襶	257
纮	257
勷	257
𬘯	257
𫟅	257
缞	257
𧟄	257
𬙋	257
𤆬	257
衺	257
槃	257
纟	257
氇	257
𬙆	257
裇	257
𬘩	257
纴	257
𫄧	257
襕	257
缊	257
嶅	257
褟	257
𦈖	257
𦨩	257
䙌	257
襈	257
𬘢	257
𫄷	257
鄗	257
𦈡	257
裑	257
绤	257
袆	257
𬘭	257
褕	257
舲	257
衹	257
琖	257
玚	257
鞚	257
玓	257
珣	257
琇	257
玘	257
琍	257
瓈	257
煿	257
鞦	257
焿	257
珕	257
煟	257
玏	257
鹠	257
畑	257
玙	257
韁	257
靿	257
琤	257
瑨	257
玗	257
靰	257
𤫉	257
烜	257
韂	257
珷	257
靺	257
𱯍	257
珪	257
熿	257
耇	257
耈	257
玽	257
炣	257
熺	257
灺	257
焗	257
琡	257
瑂	257
玵	257
靸	257
煁	257
𤪌	257
爚	257
璘	257
燐	257
玥	257
瑄	257
琔	257
玞	257
𬢋	257
𫖯	257
𱯄	257
琯	257
瑢	257
㶲	257
灬	257
𪻐	257
㺭	257
玠	257
炌	257
珇	257
玱	257
𠀾	257
奀	257
煃	257
熥	257
琈	257
焌	257
爊	257
鞬	257
𱫉	257
珒	257
珰	257
烔	257
琱	257
玤	257
烿	257
璬	257
瑔	257
烱	257
瑧	257
琫	257
瑃	257
瑝	257
鞞	257
焆	257
琄	257
𬍛	257
璪	257
𱮸	257
珵	257
鞓	257
耂	257
璮	257
玹	257
琲	257
玒	257
焠	257
珌	257
玼	257
炆	257
珹	257
瑊	257
㻪	257
琟	257
𦒹	257
燋	257
兲	257
鞧	257
𬊤	257
璒	257
璲	257
𬊶	257
炤	257
玿	257
燻	257
靽	257
鞁	257
瑖	257
烺	257
燏	257
煣	257
鞡	257
瑱	257
烠	257
珛	257
珢	257
𤩽	257
熯	257
𧗩	257
烆	257
璈	257
珮	257
𩫇	257
熇	257
焞	257
𩉜	257
瓖	257
䎜	257
珋	257
欻	257
歘	257
燚	257
璱	257
燊	257
琹	257
玡	257
爔	257
瑳	257
焮	257
鞝	257
璿	257
熜	257
𰟘	257
璠	257
珦	257
珽	257
烶	257
瑀	257
烻	257
瑓	257
𰞇	257
㻋	257
鞨	257
炟	257
鞮	257
瑅	257
煴	257
珅	257
韆	257
瑆	257
煋	257
煓	257
珸	257
熛	257
璟	257
嫑	257
𤌙	257
焜	257
蚃	257
𬉼	257
玦	257
琎	257
𬪍	257
珖	257
璆	257
瑑	257
琭	257
𬊈	257
𬍤	257
珺	257
珝	257
玭	257
𨙸	257
𤧛	257
瓀	257
爧	257
㸆	257
㸌	257
㻬	257
廴	257
燬	257
琀	257
璥	257
靬	257
𬎆	257
玕	257
珨	257
𬌗	257
瓘	257
爟	257
熻	257
鞥	257
玶	257
珫	257
鞳	257
𫞩	257
鲊	257
骃	257
𫚔	257
鲴	257
𩾃	257
𫘦	257
鲺	257
斶	257
羓	257
鱾	257
𩾌	257
鳂	257
𱈃	257
劏	257
𱇑	257
殭	257
鲾	257
羑	257
𬶏	257
𱇻	257
𬶋	257
𬶮	257
玍	257
䣘	257
鲯	257
𬴊	257
𬶍	257
𩽾	257
虍	257
𬳿	257
䖋	257
飱	257
䲝	257
鲙	257
𫘬	257
𫘤	257
鲬	257
鲹	257
骕	257
鲌	257
鲖	257
𬴃	257
鳤	257
𬳶	257
鳈	257
䲠	257
鳉	257
䲟	257
𫚭	257
䯄	257
羶	257
鳣	257
鬦	257
𫠊	257
𬴂	257
𫘜	257
鳡	257
羨	257
𫚕	257
骙	257
鱽	257
𬶭	257
䴕	257
鲏	257
鳒	257
羕	257
虡	257
歔	257
慜	257
殣	257
𣨼	257
𮪥	257
鳓	257
𬳵	257
𬶐	257
羖	257
牚	257
𱈌	257
虤	257
骉	257
羴	257
鲝	257
辡	257
鲿	257
𠂉	257
殀	257
𬶠	257
𬶟	257
鳋	257
鲘	257
鳀	257
𫘨	257
𮬡	257
鳁	257
羱	257
𫘪	257
驲	257
甗	257
𮬝	257
鲉	257
𱅋	257
𫘝	257
鲗	257
骎	257
鳛	257
𫘧	257
鲪	257
𱇒	257
𫚒	257
鳑	257
𬳽	257
骦	257
叡	257
鳠	257
𡕩	257
恖	257
阛	257
𲉅	257
𫛶	257
䦶	257
瓸	257
訚	257
𬸪	257
釆	257
甪	257
䦷	257
衂	257
衃	257
衊	257
㠯	257
耖	257
颋	257
鄅	257
䍉	257
𢀖	257
𮤲	257
𲈵	257
罇	257
瓰	257
瓩	257
丿	257
瓧	257
耤	257
耲	257
阇	257
罉	257
耥	257
辢	257
敠	257
剟	257
歠	257
叕	257
叒	257
甅	257
𬮱	257
屲	257
阘	257
阓	257
𫔶	257
耰	257
𬮴	257
耢	257
闬	257
𬮤	257
岞	257
嶽	257
㟃	257
峣	257
旸	257
昒	257
𡺎	257
崡	257
黡	257
鹖	257
巉	257
曆	257
鬴	257
峬	257
𫖮	257
嵎	257
髃	257
屴	257
㬎	257
嶰	257
昈	257
昺	257
垕	257
郈	257
昰	257
旴	257
屼	257
晅	257
峘	257
嶦	257
骾	257
𫵼	257
峗	257
巎	257
崶	257
鬷	257
昫	257
暿	257
崚	257
晞	257
崁	257
歅	257
毷	257
𪨰	257
曌	257
㿢	257
嵁	257
崌	257
琞	257
晫	257
冑	257
厔	257
晊	257
𮭨	257
昣	257
岕	257
岨	257
㬊	257
晙	257
𪨶	257
昪	257
辿	257
迺	257
峂	257
艷	257
敔	257
冔	257
耑	257
峉	257
𬀪	257
郚	257
暅	257
昡	257
晬	257
崒	257
旻	257
𡷫	257
嵅	257
峧	257
昉	257
嶲	257
酅	257
嶕	257
暶	257
汖	257
嶒	257
嶟	257
岧	257
屻	257
岃	257
乕	257
鹝	257
崀	257
㫰	257
峎	257
𪩘	257
暵	257
㟂	257
崿	257
嵚	257
𫶇	257
𱑞	257
㠇	257
𬱖	257
覇	257
晱	257
㟖	257
𡶦	257
巇	257
虒	257
峛	257
䴘	257
旿	257
嶓	257
昳	257
暕	257
昇	257
暍	257
𫵷	257
骺	257
㬤	257
峿	257
昍	257
旵	257
屾	257
昄	257
崑	257
崐	257
厖	257
昽	257
岠	257
煚	257
翙	257
嵲	257
暱	257
髎	257
嶍	257
崟	257
㟤	257
暲	257
鹍	257
卌	257
曈	257
髈	257
晐	257
岦	257
𱛥	257
曇	257
甴	257
晪	257
嵖	257
𬀩	257
𮭦	257
㬚	257
骭	257
曚	257
㠓	257
昤	257
暎	257
崄	257
𧋡	257
釐	257
漦	257
剺	257
蠋	257
蚆	257
螗	257
𧋱	257
𬟽	257
齆	257
齁	257
齇	257
鼽	257
齉	257
䶮	257
蛃	257
𮔅	257
詟	257
𮰃	257
蜐	257
蟢	257
匜	257
尨	257
繄	257
鹥	257
嫛	257
䗛	257
虸	257
夬	257
蝯	257
䖢	257
込	257
赒	257
䞍	257
肏	257
蝄	257
䗴	257
蝂	257
匚	257
𧊅	257
蜎	257
蝡	257
膥	257
蚄	257
螠	257
慭	257
刵	257
蚡	257
㝿	257
丼	257
䗖	257
蠔	257
劻	257
冓	257
斠	257
䶭	257
尪	257
蝲	257
赗	257
𲀃	257
蟫	257
𬸘	257
蝘	257
赑	257
𫊻	257
𧒽	257
𫑡	257
尢	257
虷	257
蟏	257
匼	257
𮔊	257
蚲	257
𧏾	257
𮔂	257
娀	257
妑	257
嬛	257
娚	257
嫋	257
婳	257
𦏴	257
姮	257
姽	257
妺	257
媿	257
姁	257
妸	257
婞	257
婌	257
憇	257
娸	257
婥	257
𰌂	257
姪	257
𪥰	257
婠	257
𠬶	257
翚	257
㛹	257
勠	257
剹	257
孅	257
恏	257
劙	257
𫰡	257
婍	257
㛚	257
姱	257
嫽	257
媱	257
婬	257
娖	257
𫖘	257
卩	257
彐	257
姛	257
婤	257
姞	257
翫	257
媓	257
媆	257
𤯥	257
𡛰	257
𱇫	257
㜅	257
𮣲	257
盝	257
鏇	257
彔	257
𡛟	257
婘	257
翂	257
𡚦	257
嫏	257
𬩽	257
彟	257
媟	257
𮣳	257
婻	257
嬿	257
妭	257
翯	257
孃	257
嬢	257
㚰	257
婋	257
媄	257
娒	257
嫭	257
砮	257
妷	257
𫖳	257
𫰛	257
𮣴	257
拏	257
嫚	257
媺	257
姤	257
媢	257
媞	257
嫄	257
婫	257
㛅	257
嫕	257
娵	257
𫝭	257
坒	257
嫪	257
㚣	257
𡝗	257
姦	257
𨰻	257
𣬂	257
媂	257
嬬	257
翋	257
嫮	257
婗	257
媮	257
姈	257
媖	257
姶	257
媕	257
𫰰	257
婼	257
妘	257
弎	257
𦒍	257
𮝹	257
勔	257
躶	257
霊	257
雫	257
觕	257
弌	257
竫	257
竡	257
𫐄	257
霅	257
阝	257
竘	257
娿	257
龍	257
𪚥	257
霨	257
霡	257
遆	257
牸	257
犗	257
牷	257
豙	257
𲄚	257
轪	257
㪗	257
彧	257
𮝵	257
陑	257
䩄	257
𰹲	257
阧	257
霑	257
牥	257
霂	257
牜	257
鄠	257
𬨎	257
刜	257
弍	257
𫟦	257
雰	257
竕	257
牣	257
竏	257
牤	257
𫁡	257
𬯀	257
𫐓	257
陏	257
欬	257
竍	257
辌	257
竓	257
辀	257
𨻧	257
慇	257
酂	257
陁	257
𮝴	257
躾	257
𮳺	257
隩	257
轷	257
陎	257
陞	257
竰	257
𬮿	257
陻	257
辒	257
牻	257
𫖃	257
𬯎	257
𨐈	257
墬	257
阰	257
牪	257
𤘧	257
𮷛	257
犇	257
𤛭	257
鹴	257
𨺙	257
𫐐	257
隃	257
靉	257
霙	257
牴	257
𬨂	257
𱁬	257
杻	257
棫	257
栒	257
枹	257
㰀	257
榑	257
槱	257
槺	257
朸	257
楒	257
檵	257
檞	257
栢	257
㯊	257
枑	257
枅	257
鬰	257
欝	257
榼	257
㭕	257
櫆	257
椇	257
梶	257
槕	257
槻	257
櫶	257
椥	257
𬂩	257
椀	257
栿	257
梌	257
楩	257
櫼	257
麵	257
椓	257
鄋	257
𮧵	257
𮧴	257
杕	257
樋	257
橑	257
𰯼	257
㭎	257
椆	257
柊	257
槥	257
朿	257
梽	257
梼	257
椑	257
僰	257
柺	257
梠	257
柷	257
桯	257
棑	257
枠	257
榊	257
朩	257
槜	257
柮	257
檇	257
椸	257
桜	257
杇	257
朳	257
楢	257
枍	257
櫈	257
棬	257
觍	257
柖	257
棁	257
柈	257
椪	257
杄	257
杧	257
栟	257
栐	257
桹	257
樸	257
楙	257
楪	257
橞	257
槙	257
桲	257
谼	257
杴	257
𫖔	257
韨	257
棤	257
𣐿	257
棪	257
榰	257
枒	257
栴	257
𣗋	257
梴	257
鬱	257
楬	257
栃	257
槅	257
榾	257
榅	257
楯	257
𬃊	257
槚	257
梣	257
梾	257
栘	257
梫	257
樛	257
櫌	257
梐	257
橦	257
郤	257
柹	257
杙	257
梿	257
欞	257
棓	257
栻	257
櫺	257
欛	257
榃	257
𱤏	257
棽	257
椛	257
欂	257
苲	257
葖	257
盦	257
䓖	257
蔔	257
侴	257
䓤	257
䕷	257
芶	257
帋	257
藦	257
𦰡	257
茓	257
藊	257
萂	257
蓆	257
萩	257
廾	257
藟	257
蒻	257
蔃	257
𫉄	257
菓	257
䓞	257
薢	257
荁	257
䓂	257
萹	257
荍	257
茝	257
蒐	257
薳	257
蓺	257
爇	257
莰	257
䓛	257
鄃	257
䓬	257
荳	257
鹲	257
萣	257
薙	257
蒄	257
苧	257
䓨	257
蓂	257
𰌀	257
莝	257
蓨	257
葰	257
苶	257
蒨	257
茽	257
𠍐	257
䓫	257
𫉁	257
荙	257
蕗	257
鸰	257
藨	257
䒕	257
菂	257
藥	257
藠	257
蔧	257
䒟	257
𦰏	257
菑	257
𨓈	257
𦭜	257
㧱	257
𤙖	257
弇	257
𬞟	257
苾	257
芠	257
葴	257
蒗	257
葓	257
蕰	257
薸	257
蒎	257
蕲	257
芲	257
棻	257
荓	257
蒱	257
𫇭	257
蓢	257
蓣	257
萚	257
菈	257
萳	257
蓳	257
鄀	257
蘘	257
芼	257
荮	257
芃	257
芣	257
荖	257
菼	257
蔊	257
苽	257
茢	257
蓏	257
塟	257
苢	257
薁	257
𬜬	257
糵	257
茩	257
蓇	257
蟇	257
鄚	257
蔈	257
𬟁	257
苠	257
苉	257
藂	257
𮐨	257
薿	257
叇	257
菉	257
莙	257
蒈	257
蒟	257
茀	257
荄	257
蔀	257
蕓	257
葙	257
莿	257
菥	257
菍	257
茻	257
幵	257
剳	257
𬜯	257
蔹	257
莶	257
茋	257
栞	257
臸	255
𠕇	255
玊	255
鲕	255
舁	255
